# EnvCell.Position full census - ADR-0009 auditable artifact
# Generated: 2026-05-31T19:54:34.9601991-07:00
# acdat: C:\Users\darin\repos\ac-unreal\pipeline\dat-extract\bin\Release\net8.0-windows\acdat.exe
# DatDir: C:\Turbine\Asheron's Call

================================================================
LANDBLOCK 0x8602  (LbX=134, LbY=2)
----------------------------------------------------------------
  Landblock 0x8602 (LbX=134, LbY=2):
    HasObjects:     True
    Terrain[]:      81 entries (9x9=81 expected)
    Height[]:       81 entries (81 expected)
    LandblockInfo:  present (file 0x8602FFFE in CellDat)
      NumCells:     568   (= indoor EnvCells inside this landblock)
      Buildings:    0
      Objects:      0
      PackMask:     0x00000000

  Per-cell Frame.Origin (landblock-local) and composed world position:
  CellId                Frame.Origin(x,y,z)                   World(x,y,z) InFootprint?
  0x86020100   (  150.00,  -230.00,  -12.00)   (  25878.00,     154.00,  -12.00)   OUT
  0x86020101   (  150.00,  -240.00,  -12.00)   (  25878.00,     144.00,  -12.00)   OUT
  0x86020102   (  160.00,  -230.00,  -12.00)   (  25888.00,     154.00,  -12.00)   OUT
  0x86020103   (  160.00,  -240.00,  -12.00)   (  25888.00,     144.00,  -12.00)   OUT
  0x86020104   (  160.00,  -250.00,  -12.00)   (  25888.00,     134.00,  -12.00)   OUT
  0x86020105   (  170.00,  -240.00,  -12.00)   (  25898.00,     144.00,  -12.00)   OUT
  0x86020106   (  170.00,  -240.00,  -12.00)   (  25898.00,     144.00,  -12.00)   OUT
  0x86020107   (  170.00,  -250.00,  -12.00)   (  25898.00,     134.00,  -12.00)   OUT
  0x86020108   (  180.00,  -240.00,  -12.00)   (  25908.00,     144.00,  -12.00)   OUT
  0x86020109   (  180.00,  -240.00,  -12.00)   (  25908.00,     144.00,  -12.00)   OUT
  0x8602010A   (  180.00,  -240.00,  -12.00)   (  25908.00,     144.00,  -12.00)   OUT
  0x8602010B   (  180.00,  -240.00,  -12.00)   (  25908.00,     144.00,  -12.00)   OUT
  0x8602010C   (  180.00,  -250.00,  -12.00)   (  25908.00,     134.00,  -12.00)   OUT
  0x8602010D   (  180.00,  -250.00,  -12.00)   (  25908.00,     134.00,  -12.00)   OUT
  0x8602010E   (  180.00,  -250.00,  -12.00)   (  25908.00,     134.00,  -12.00)   OUT
  0x8602010F   (  190.00,  -220.00,  -12.00)   (  25918.00,     164.00,  -12.00)   OUT
  0x86020110   (  190.00,  -220.00,  -12.00)   (  25918.00,     164.00,  -12.00)   OUT
  0x86020111   (  190.00,  -220.00,  -12.00)   (  25918.00,     164.00,  -12.00)   OUT
  0x86020112   (  190.00,  -230.00,  -12.00)   (  25918.00,     154.00,  -12.00)   OUT
  0x86020113   (  190.00,  -230.00,  -12.00)   (  25918.00,     154.00,  -12.00)   OUT
  0x86020114   (  190.00,  -230.00,  -12.00)   (  25918.00,     154.00,  -12.00)   OUT
  0x86020115   (  190.00,  -240.00,  -12.00)   (  25918.00,     144.00,  -12.00)   OUT
  0x86020116   (  190.00,  -240.00,  -12.00)   (  25918.00,     144.00,  -12.00)   OUT
  0x86020117   (  190.00,  -240.00,  -12.00)   (  25918.00,     144.00,  -12.00)   OUT
  0x86020118   (  190.00,  -240.00,  -12.00)   (  25918.00,     144.00,  -12.00)   OUT
  0x86020119   (  190.00,  -250.00,  -12.00)   (  25918.00,     134.00,  -12.00)   OUT
  0x8602011A   (  190.00,  -250.00,  -12.00)   (  25918.00,     134.00,  -12.00)   OUT
  0x8602011B   (  190.00,  -250.00,  -12.00)   (  25918.00,     134.00,  -12.00)   OUT
  0x8602011C   (  200.00,  -210.00,  -12.00)   (  25928.00,     174.00,  -12.00)   OUT
  0x8602011D   (  200.00,  -210.00,  -12.00)   (  25928.00,     174.00,  -12.00)   OUT
  0x8602011E   (  200.00,  -210.00,  -12.00)   (  25928.00,     174.00,  -12.00)   OUT
  0x8602011F   (  200.00,  -220.00,  -12.00)   (  25928.00,     164.00,  -12.00)   OUT
  0x86020120   (  200.00,  -220.00,  -12.00)   (  25928.00,     164.00,  -12.00)   OUT
  0x86020121   (  200.00,  -220.00,  -12.00)   (  25928.00,     164.00,  -12.00)   OUT
  0x86020122   (  200.00,  -230.00,  -12.00)   (  25928.00,     154.00,  -12.00)   OUT
  0x86020123   (  200.00,  -230.00,  -12.00)   (  25928.00,     154.00,  -12.00)   OUT
  0x86020124   (  200.00,  -230.00,  -12.00)   (  25928.00,     154.00,  -12.00)   OUT
  0x86020125   (  200.00,  -240.00,  -12.00)   (  25928.00,     144.00,  -12.00)   OUT
  0x86020126   (  200.00,  -240.00,  -12.00)   (  25928.00,     144.00,  -12.00)   OUT
  0x86020127   (  200.00,  -240.00,  -12.00)   (  25928.00,     144.00,  -12.00)   OUT
  0x86020128   (  200.00,  -240.00,  -12.00)   (  25928.00,     144.00,  -12.00)   OUT
  0x86020129   (  200.00,  -240.00,  -12.00)   (  25928.00,     144.00,  -12.00)   OUT
  0x8602012A   (  200.00,  -250.00,  -12.00)   (  25928.00,     134.00,  -12.00)   OUT
  0x8602012B   (  210.00,  -240.00,  -12.00)   (  25938.00,     144.00,  -12.00)   OUT
  0x8602012C   (  110.00,  -160.00,   -6.00)   (  25838.00,     224.00,   -6.00)   OUT
  0x8602012D   (  110.00,  -160.00,   -6.00)   (  25838.00,     224.00,   -6.00)   OUT
  0x8602012E   (  110.00,  -160.00,   -6.00)   (  25838.00,     224.00,   -6.00)   OUT
  0x8602012F   (  110.00,  -170.00,   -6.00)   (  25838.00,     214.00,   -6.00)   OUT
  0x86020130   (  110.00,  -180.00,   -6.00)   (  25838.00,     204.00,   -6.00)   OUT
  0x86020131   (  110.00,  -180.00,   -6.00)   (  25838.00,     204.00,   -6.00)   OUT
  0x86020132   (  110.00,  -180.00,   -6.00)   (  25838.00,     204.00,   -6.00)   OUT
  0x86020133   (  120.00,  -150.00,   -6.00)   (  25848.00,     234.00,   -6.00)   OUT
  0x86020134   (  120.00,  -160.00,   -6.00)   (  25848.00,     224.00,   -6.00)   OUT
  0x86020135   (  120.00,  -160.00,   -6.00)   (  25848.00,     224.00,   -6.00)   OUT
  0x86020136   (  120.00,  -160.00,   -6.00)   (  25848.00,     224.00,   -6.00)   OUT
  0x86020137   (  120.00,  -160.00,   -6.00)   (  25848.00,     224.00,   -6.00)   OUT
  0x86020138   (  120.00,  -160.00,   -6.00)   (  25848.00,     224.00,   -6.00)   OUT
  0x86020139   (  120.00,  -170.00,   -6.00)   (  25848.00,     214.00,   -6.00)   OUT
  0x8602013A   (  120.00,  -180.00,   -6.00)   (  25848.00,     204.00,   -6.00)   OUT
  0x8602013B   (  130.00,  -130.00,   -6.00)   (  25858.00,     254.00,   -6.00)   OUT
  0x8602013C   (  130.00,  -140.00,   -6.00)   (  25858.00,     244.00,   -6.00)   OUT
  0x8602013D   (  130.00,  -150.00,   -6.00)   (  25858.00,     234.00,   -6.00)   OUT
  0x8602013E   (  130.00,  -160.00,   -6.00)   (  25858.00,     224.00,   -6.00)   OUT
  0x8602013F   (  130.00,  -160.00,   -6.00)   (  25858.00,     224.00,   -6.00)   OUT
  0x86020140   (  130.00,  -160.00,   -6.00)   (  25858.00,     224.00,   -6.00)   OUT
  0x86020141   (  130.00,  -180.00,   -6.00)   (  25858.00,     204.00,   -6.00)   OUT
  0x86020142   (  130.00,  -180.00,   -6.00)   (  25858.00,     204.00,   -6.00)   OUT
  0x86020143   (  130.00,  -180.00,   -6.00)   (  25858.00,     204.00,   -6.00)   OUT
  0x86020144   (  130.00,  -190.00,   -6.00)   (  25858.00,     194.00,   -6.00)   OUT
  0x86020145   (  130.00,  -190.00,   -6.00)   (  25858.00,     194.00,   -6.00)   OUT
  0x86020146   (  130.00,  -200.00,   -6.00)   (  25858.00,     184.00,   -6.00)   OUT
  0x86020147   (  140.00,  -130.00,   -6.00)   (  25868.00,     254.00,   -6.00)   OUT
  0x86020148   (  140.00,  -140.00,   -6.00)   (  25868.00,     244.00,   -6.00)   OUT
  0x86020149   (  140.00,  -140.00,   -6.00)   (  25868.00,     244.00,   -6.00)   OUT
  0x8602014A   (  140.00,  -140.00,   -6.00)   (  25868.00,     244.00,   -6.00)   OUT
  0x8602014B   (  140.00,  -140.00,   -6.00)   (  25868.00,     244.00,   -6.00)   OUT
  0x8602014C   (  140.00,  -140.00,   -6.00)   (  25868.00,     244.00,   -6.00)   OUT
  0x8602014D   (  140.00,  -150.00,   -6.00)   (  25868.00,     234.00,   -6.00)   OUT
  0x8602014E   (  140.00,  -190.00,   -6.00)   (  25868.00,     194.00,   -6.00)   OUT
  0x8602014F   (  140.00,  -200.00,   -6.00)   (  25868.00,     184.00,   -6.00)   OUT
  0x86020150   (  140.00,  -210.00,   -6.00)   (  25868.00,     174.00,   -6.00)   OUT
  0x86020151   (  150.00,  -140.00,   -6.00)   (  25878.00,     244.00,   -6.00)   OUT
  0x86020152   (  150.00,  -150.00,   -6.00)   (  25878.00,     234.00,   -6.00)   OUT
  0x86020153   (  150.00,  -150.00,   -6.00)   (  25878.00,     234.00,   -6.00)   OUT
  0x86020154   (  150.00,  -150.00,   -6.00)   (  25878.00,     234.00,   -6.00)   OUT
  0x86020155   (  150.00,  -150.00,   -6.00)   (  25878.00,     234.00,   -6.00)   OUT
  0x86020156   (  150.00,  -160.00,   -6.00)   (  25878.00,     224.00,   -6.00)   OUT
  0x86020157   (  150.00,  -160.00,   -6.00)   (  25878.00,     224.00,   -6.00)   OUT
  0x86020158   (  150.00,  -160.00,   -6.00)   (  25878.00,     224.00,   -6.00)   OUT
  0x86020159   (  150.00,  -160.00,   -6.00)   (  25878.00,     224.00,   -6.00)   OUT
  0x8602015A   (  150.00,  -160.00,   -6.00)   (  25878.00,     224.00,   -6.00)   OUT
  0x8602015B   (  150.00,  -160.00,   -6.00)   (  25878.00,     224.00,   -6.00)   OUT
  0x8602015C   (  150.00,  -160.00,   -6.00)   (  25878.00,     224.00,   -6.00)   OUT
  0x8602015D   (  150.00,  -160.00,   -6.00)   (  25878.00,     224.00,   -6.00)   OUT
  0x8602015E   (  150.00,  -160.00,   -6.00)   (  25878.00,     224.00,   -6.00)   OUT
  0x8602015F   (  150.00,  -160.00,   -6.00)   (  25878.00,     224.00,   -6.00)   OUT
  0x86020160   (  150.00,  -200.00,   -6.00)   (  25878.00,     184.00,   -6.00)   OUT
  0x86020161   (  150.00,  -210.00,   -6.00)   (  25878.00,     174.00,   -6.00)   OUT
  0x86020162   (  150.00,  -210.00,   -6.00)   (  25878.00,     174.00,   -6.00)   OUT
  0x86020163   (  150.00,  -230.00,   -6.00)   (  25878.00,     154.00,   -6.00)   OUT
  0x86020164   (  150.00,  -240.00,   -6.00)   (  25878.00,     144.00,   -6.00)   OUT
  0x86020165   (  160.00,  -140.00,   -6.00)   (  25888.00,     244.00,   -6.00)   OUT
  0x86020166   (  160.00,  -140.00,   -6.00)   (  25888.00,     244.00,   -6.00)   OUT
  0x86020167   (  160.00,  -140.00,   -6.00)   (  25888.00,     244.00,   -6.00)   OUT
  0x86020168   (  160.00,  -140.00,   -6.00)   (  25888.00,     244.00,   -6.00)   OUT
  0x86020169   (  160.00,  -150.00,   -6.00)   (  25888.00,     234.00,   -6.00)   OUT
  0x8602016A   (  160.00,  -160.00,   -6.00)   (  25888.00,     224.00,   -6.00)   OUT
  0x8602016B   (  160.00,  -160.00,   -6.00)   (  25888.00,     224.00,   -6.00)   OUT
  0x8602016C   (  160.00,  -160.00,   -6.00)   (  25888.00,     224.00,   -6.00)   OUT
  0x8602016D   (  160.00,  -160.00,   -6.00)   (  25888.00,     224.00,   -6.00)   OUT
  0x8602016E   (  160.00,  -160.00,   -6.00)   (  25888.00,     224.00,   -6.00)   OUT
  0x8602016F   (  160.00,  -160.00,   -6.00)   (  25888.00,     224.00,   -6.00)   OUT
  0x86020170   (  160.00,  -190.00,   -6.00)   (  25888.00,     194.00,   -6.00)   OUT
  0x86020171   (  160.00,  -200.00,   -6.00)   (  25888.00,     184.00,   -6.00)   OUT
  0x86020172   (  160.00,  -200.00,   -6.00)   (  25888.00,     184.00,   -6.00)   OUT
  0x86020173   (  160.00,  -200.00,   -6.00)   (  25888.00,     184.00,   -6.00)   OUT
  0x86020174   (  160.00,  -200.00,   -6.00)   (  25888.00,     184.00,   -6.00)   OUT
  0x86020175   (  160.00,  -210.00,   -6.00)   (  25888.00,     174.00,   -6.00)   OUT
  0x86020176   (  160.00,  -210.00,   -6.00)   (  25888.00,     174.00,   -6.00)   OUT
  0x86020177   (  160.00,  -210.00,   -6.00)   (  25888.00,     174.00,   -6.00)   OUT
  0x86020178   (  160.00,  -230.00,   -6.00)   (  25888.00,     154.00,   -6.00)   OUT
  0x86020179   (  160.00,  -240.00,   -6.00)   (  25888.00,     144.00,   -6.00)   OUT
  0x8602017A   (  160.00,  -250.00,   -6.00)   (  25888.00,     134.00,   -6.00)   OUT
  0x8602017B   (  170.00,  -140.00,   -6.00)   (  25898.00,     244.00,   -6.00)   OUT
  0x8602017C   (  170.00,  -140.00,   -6.00)   (  25898.00,     244.00,   -6.00)   OUT
  0x8602017D   (  170.00,  -140.00,   -6.00)   (  25898.00,     244.00,   -6.00)   OUT
  0x8602017E   (  170.00,  -140.00,   -6.00)   (  25898.00,     244.00,   -6.00)   OUT
  0x8602017F   (  170.00,  -140.00,   -6.00)   (  25898.00,     244.00,   -6.00)   OUT
  0x86020180   (  170.00,  -140.00,   -6.00)   (  25898.00,     244.00,   -6.00)   OUT
  0x86020181   (  170.00,  -140.00,   -6.00)   (  25898.00,     244.00,   -6.00)   OUT
  0x86020182   (  170.00,  -140.00,   -6.00)   (  25898.00,     244.00,   -6.00)   OUT
  0x86020183   (  170.00,  -140.00,   -6.00)   (  25898.00,     244.00,   -6.00)   OUT
  0x86020184   (  170.00,  -140.00,   -6.00)   (  25898.00,     244.00,   -6.00)   OUT
  0x86020185   (  170.00,  -150.00,   -6.00)   (  25898.00,     234.00,   -6.00)   OUT
  0x86020186   (  170.00,  -150.00,   -6.00)   (  25898.00,     234.00,   -6.00)   OUT
  0x86020187   (  170.00,  -150.00,   -6.00)   (  25898.00,     234.00,   -6.00)   OUT
  0x86020188   (  170.00,  -150.00,   -6.00)   (  25898.00,     234.00,   -6.00)   OUT
  0x86020189   (  170.00,  -150.00,   -6.00)   (  25898.00,     234.00,   -6.00)   OUT
  0x8602018A   (  170.00,  -150.00,   -6.00)   (  25898.00,     234.00,   -6.00)   OUT
  0x8602018B   (  170.00,  -160.00,   -6.00)   (  25898.00,     224.00,   -6.00)   OUT
  0x8602018C   (  170.00,  -160.00,   -6.00)   (  25898.00,     224.00,   -6.00)   OUT
  0x8602018D   (  170.00,  -160.00,   -6.00)   (  25898.00,     224.00,   -6.00)   OUT
  0x8602018E   (  170.00,  -160.00,   -6.00)   (  25898.00,     224.00,   -6.00)   OUT
  0x8602018F   (  170.00,  -160.00,   -6.00)   (  25898.00,     224.00,   -6.00)   OUT
  0x86020190   (  170.00,  -160.00,   -6.00)   (  25898.00,     224.00,   -6.00)   OUT
  0x86020191   (  170.00,  -160.00,   -6.00)   (  25898.00,     224.00,   -6.00)   OUT
  0x86020192   (  170.00,  -160.00,   -6.00)   (  25898.00,     224.00,   -6.00)   OUT
  0x86020193   (  170.00,  -160.00,   -6.00)   (  25898.00,     224.00,   -6.00)   OUT
  0x86020194   (  170.00,  -160.00,   -6.00)   (  25898.00,     224.00,   -6.00)   OUT
  0x86020195   (  170.00,  -200.00,   -6.00)   (  25898.00,     184.00,   -6.00)   OUT
  0x86020196   (  170.00,  -200.00,   -6.00)   (  25898.00,     184.00,   -6.00)   OUT
  0x86020197   (  170.00,  -200.00,   -6.00)   (  25898.00,     184.00,   -6.00)   OUT
  0x86020198   (  170.00,  -210.00,   -6.00)   (  25898.00,     174.00,   -6.00)   OUT
  0x86020199   (  170.00,  -210.00,   -6.00)   (  25898.00,     174.00,   -6.00)   OUT
  0x8602019A   (  170.00,  -210.00,   -6.00)   (  25898.00,     174.00,   -6.00)   OUT
  0x8602019B   (  170.00,  -240.00,   -6.00)   (  25898.00,     144.00,   -6.00)   OUT
  0x8602019C   (  170.00,  -250.00,   -6.00)   (  25898.00,     134.00,   -6.00)   OUT
  0x8602019D   (  180.00,  -110.00,   -6.00)   (  25908.00,     274.00,   -6.00)   OUT
  0x8602019E   (  180.00,  -120.00,   -6.00)   (  25908.00,     264.00,   -6.00)   OUT
  0x8602019F   (  180.00,  -200.00,   -6.00)   (  25908.00,     184.00,   -6.00)   OUT
  0x860201A0   (  180.00,  -210.00,   -6.00)   (  25908.00,     174.00,   -6.00)   OUT
  0x860201A1   (  180.00,  -210.00,   -6.00)   (  25908.00,     174.00,   -6.00)   OUT
  0x860201A2   (  180.00,  -220.00,   -6.00)   (  25908.00,     164.00,   -6.00)   OUT
  0x860201A3   (  190.00,  -200.00,   -6.00)   (  25918.00,     184.00,   -6.00)   OUT
  0x860201A4   (  190.00,  -210.00,   -6.00)   (  25918.00,     174.00,   -6.00)   OUT
  0x860201A5   (  190.00,  -210.00,   -6.00)   (  25918.00,     174.00,   -6.00)   OUT
  0x860201A6   (  190.00,  -210.00,   -6.00)   (  25918.00,     174.00,   -6.00)   OUT
  0x860201A7   (  190.00,  -220.00,   -6.00)   (  25918.00,     164.00,   -6.00)   OUT
  0x860201A8   (  200.00,  -200.00,   -6.00)   (  25928.00,     184.00,   -6.00)   OUT
  0x860201A9   (  200.00,  -210.00,   -6.00)   (  25928.00,     174.00,   -6.00)   OUT
  0x860201AA   (  200.00,  -220.00,   -6.00)   (  25928.00,     164.00,   -6.00)   OUT
  0x860201AB   (    0.00,   -60.00,    0.00)   (  25728.00,     324.00,    0.00)   OUT
  0x860201AC   (    0.00,   -70.00,    0.00)   (  25728.00,     314.00,    0.00)   OUT
  0x860201AD   (   10.00,   -30.00,    0.00)   (  25738.00,     354.00,    0.00)   OUT
  0x860201AE   (   10.00,   -70.00,    0.00)   (  25738.00,     314.00,    0.00)   OUT
  0x860201AF   (   10.00,   -80.00,    0.00)   (  25738.00,     304.00,    0.00)   OUT
  0x860201B0   (   20.00,   -20.00,    0.00)   (  25748.00,     364.00,    0.00)   OUT
  0x860201B1   (   20.00,   -30.00,    0.00)   (  25748.00,     354.00,    0.00)   OUT
  0x860201B2   (   20.00,   -30.00,    0.00)   (  25748.00,     354.00,    0.00)   OUT
  0x860201B3   (   20.00,   -30.00,    0.00)   (  25748.00,     354.00,    0.00)   OUT
  0x860201B4   (   20.00,   -30.00,    0.00)   (  25748.00,     354.00,    0.00)   OUT
  0x860201B5   (   20.00,   -30.00,    0.00)   (  25748.00,     354.00,    0.00)   OUT
  0x860201B6   (   20.00,   -40.00,    0.00)   (  25748.00,     344.00,    0.00)   OUT
  0x860201B7   (   20.00,   -70.00,    0.00)   (  25748.00,     314.00,    0.00)   OUT
  0x860201B8   (   20.00,   -70.00,    0.00)   (  25748.00,     314.00,    0.00)   OUT
  0x860201B9   (   20.00,   -70.00,    0.00)   (  25748.00,     314.00,    0.00)   OUT
  0x860201BA   (   20.00,   -80.00,    0.00)   (  25748.00,     304.00,    0.00)   OUT
  0x860201BB   (   20.00,   -80.00,    0.00)   (  25748.00,     304.00,    0.00)   OUT
  0x860201BC   (   20.00,   -80.00,    0.00)   (  25748.00,     304.00,    0.00)   OUT
  0x860201BD   (   20.00,  -110.00,    0.00)   (  25748.00,     274.00,    0.00)   OUT
  0x860201BE   (   20.00,  -110.00,    0.00)   (  25748.00,     274.00,    0.00)   OUT
  0x860201BF   (   20.00,  -110.00,    0.00)   (  25748.00,     274.00,    0.00)   OUT
  0x860201C0   (   20.00,  -110.00,    0.00)   (  25748.00,     274.00,    0.00)   OUT
  0x860201C1   (   20.00,  -110.00,    0.00)   (  25748.00,     274.00,    0.00)   OUT
  0x860201C2   (   20.00,  -110.00,    0.00)   (  25748.00,     274.00,    0.00)   OUT
  0x860201C3   (   20.00,  -110.00,    0.00)   (  25748.00,     274.00,    0.00)   OUT
  0x860201C4   (   20.00,  -110.00,    0.00)   (  25748.00,     274.00,    0.00)   OUT
  0x860201C5   (   20.00,  -110.00,    0.00)   (  25748.00,     274.00,    0.00)   OUT
  0x860201C6   (   20.00,  -110.00,    0.00)   (  25748.00,     274.00,    0.00)   OUT
  0x860201C7   (   20.00,  -120.00,    0.00)   (  25748.00,     264.00,    0.00)   OUT
  0x860201C8   (   20.00,  -120.00,    0.00)   (  25748.00,     264.00,    0.00)   OUT
  0x860201C9   (   20.00,  -120.00,    0.00)   (  25748.00,     264.00,    0.00)   OUT
  0x860201CA   (   20.00,  -120.00,    0.00)   (  25748.00,     264.00,    0.00)   OUT
  0x860201CB   (   20.00,  -130.00,    0.00)   (  25748.00,     254.00,    0.00)   OUT
  0x860201CC   (   20.00,  -130.00,    0.00)   (  25748.00,     254.00,    0.00)   OUT
  0x860201CD   (   20.00,  -130.00,    0.00)   (  25748.00,     254.00,    0.00)   OUT
  0x860201CE   (   20.00,  -130.00,    0.00)   (  25748.00,     254.00,    0.00)   OUT
  0x860201CF   (   20.00,  -140.00,    0.00)   (  25748.00,     244.00,    0.00)   OUT
  0x860201D0   (   20.00,  -140.00,    0.00)   (  25748.00,     244.00,    0.00)   OUT
  0x860201D1   (   20.00,  -140.00,    0.00)   (  25748.00,     244.00,    0.00)   OUT
  0x860201D2   (   20.00,  -140.00,    0.00)   (  25748.00,     244.00,    0.00)   OUT
  0x860201D3   (   20.00,  -140.00,    0.00)   (  25748.00,     244.00,    0.00)   OUT
  0x860201D4   (   20.00,  -140.00,    0.00)   (  25748.00,     244.00,    0.00)   OUT
  0x860201D5   (   20.00,  -140.00,    0.00)   (  25748.00,     244.00,    0.00)   OUT
  0x860201D6   (   20.00,  -140.00,    0.00)   (  25748.00,     244.00,    0.00)   OUT
  0x860201D7   (   20.00,  -140.00,    0.00)   (  25748.00,     244.00,    0.00)   OUT
  0x860201D8   (   20.00,  -140.00,    0.00)   (  25748.00,     244.00,    0.00)   OUT
  0x860201D9   (   30.00,   -20.00,    0.00)   (  25758.00,     364.00,    0.00)   OUT
  0x860201DA   (   30.00,   -20.00,    0.00)   (  25758.00,     364.00,    0.00)   OUT
  0x860201DB   (   30.00,   -20.00,    0.00)   (  25758.00,     364.00,    0.00)   OUT
  0x860201DC   (   30.00,   -30.00,    0.00)   (  25758.00,     354.00,    0.00)   OUT
  0x860201DD   (   30.00,   -30.00,    0.00)   (  25758.00,     354.00,    0.00)   OUT
  0x860201DE   (   30.00,   -30.00,    0.00)   (  25758.00,     354.00,    0.00)   OUT
  0x860201DF   (   30.00,   -70.00,    0.00)   (  25758.00,     314.00,    0.00)   OUT
  0x860201E0   (   30.00,   -90.00,    0.00)   (  25758.00,     294.00,    0.00)   OUT
  0x860201E1   (   30.00,  -110.00,    0.00)   (  25758.00,     274.00,    0.00)   OUT
  0x860201E2   (   30.00,  -110.00,    0.00)   (  25758.00,     274.00,    0.00)   OUT
  0x860201E3   (   30.00,  -110.00,    0.00)   (  25758.00,     274.00,    0.00)   OUT
  0x860201E4   (   30.00,  -110.00,    0.00)   (  25758.00,     274.00,    0.00)   OUT
  0x860201E5   (   30.00,  -110.00,    0.00)   (  25758.00,     274.00,    0.00)   OUT
  0x860201E6   (   30.00,  -110.00,    0.00)   (  25758.00,     274.00,    0.00)   OUT
  0x860201E7   (   30.00,  -120.00,    0.00)   (  25758.00,     264.00,    0.00)   OUT
  0x860201E8   (   30.00,  -130.00,    0.00)   (  25758.00,     254.00,    0.00)   OUT
  0x860201E9   (   30.00,  -140.00,    0.00)   (  25758.00,     244.00,    0.00)   OUT
  0x860201EA   (   30.00,  -140.00,    0.00)   (  25758.00,     244.00,    0.00)   OUT
  0x860201EB   (   30.00,  -140.00,    0.00)   (  25758.00,     244.00,    0.00)   OUT
  0x860201EC   (   30.00,  -140.00,    0.00)   (  25758.00,     244.00,    0.00)   OUT
  0x860201ED   (   30.00,  -140.00,    0.00)   (  25758.00,     244.00,    0.00)   OUT
  0x860201EE   (   30.00,  -140.00,    0.00)   (  25758.00,     244.00,    0.00)   OUT
  0x860201EF   (   40.00,   -20.00,    0.00)   (  25768.00,     364.00,    0.00)   OUT
  0x860201F0   (   40.00,   -20.00,    0.00)   (  25768.00,     364.00,    0.00)   OUT
  0x860201F1   (   40.00,   -20.00,    0.00)   (  25768.00,     364.00,    0.00)   OUT
  0x860201F2   (   40.00,   -20.00,    0.00)   (  25768.00,     364.00,    0.00)   OUT
  0x860201F3   (   40.00,   -20.00,    0.00)   (  25768.00,     364.00,    0.00)   OUT
  0x860201F4   (   40.00,   -70.00,    0.00)   (  25768.00,     314.00,    0.00)   OUT
  0x860201F5   (   40.00,   -80.00,    0.00)   (  25768.00,     304.00,    0.00)   OUT
  0x860201F6   (   40.00,   -90.00,    0.00)   (  25768.00,     294.00,    0.00)   OUT
  0x860201F7   (   40.00,  -100.00,    0.00)   (  25768.00,     284.00,    0.00)   OUT
  0x860201F8   (   40.00,  -110.00,    0.00)   (  25768.00,     274.00,    0.00)   OUT
  0x860201F9   (   40.00,  -110.00,    0.00)   (  25768.00,     274.00,    0.00)   OUT
  0x860201FA   (   40.00,  -110.00,    0.00)   (  25768.00,     274.00,    0.00)   OUT
  0x860201FB   (   40.00,  -110.00,    0.00)   (  25768.00,     274.00,    0.00)   OUT
  0x860201FC   (   40.00,  -120.00,    0.00)   (  25768.00,     264.00,    0.00)   OUT
  0x860201FD   (   40.00,  -130.00,    0.00)   (  25768.00,     254.00,    0.00)   OUT
  0x860201FE   (   40.00,  -140.00,    0.00)   (  25768.00,     244.00,    0.00)   OUT
  0x860201FF   (   40.00,  -140.00,    0.00)   (  25768.00,     244.00,    0.00)   OUT
  0x86020200   (   40.00,  -140.00,    0.00)   (  25768.00,     244.00,    0.00)   OUT
  0x86020201   (   40.00,  -140.00,    0.00)   (  25768.00,     244.00,    0.00)   OUT
  0x86020202   (   40.00,  -140.00,    0.00)   (  25768.00,     244.00,    0.00)   OUT
  0x86020203   (   40.00,  -140.00,    0.00)   (  25768.00,     244.00,    0.00)   OUT
  0x86020204   (   50.00,   -10.00,    0.00)   (  25778.00,     374.00,    0.00)   OUT
  0x86020205   (   50.00,   -10.00,    0.00)   (  25778.00,     374.00,    0.00)   OUT
  0x86020206   (   50.00,   -10.00,    0.00)   (  25778.00,     374.00,    0.00)   OUT
  0x86020207   (   50.00,   -10.00,    0.00)   (  25778.00,     374.00,    0.00)   OUT
  0x86020208   (   50.00,   -10.00,    0.00)   (  25778.00,     374.00,    0.00)   OUT
  0x86020209   (   50.00,   -10.00,    0.00)   (  25778.00,     374.00,    0.00)   OUT
  0x8602020A   (   50.00,   -10.00,    0.00)   (  25778.00,     374.00,    0.00)   OUT
  0x8602020B   (   50.00,   -10.00,    0.00)   (  25778.00,     374.00,    0.00)   OUT
  0x8602020C   (   50.00,   -10.00,    0.00)   (  25778.00,     374.00,    0.00)   OUT
  0x8602020D   (   50.00,   -10.00,    0.00)   (  25778.00,     374.00,    0.00)   OUT
  0x8602020E   (   50.00,   -20.00,    0.00)   (  25778.00,     364.00,    0.00)   OUT
  0x8602020F   (   50.00,   -20.00,    0.00)   (  25778.00,     364.00,    0.00)   OUT
  0x86020210   (   50.00,   -20.00,    0.00)   (  25778.00,     364.00,    0.00)   OUT
  0x86020211   (   50.00,   -20.00,    0.00)   (  25778.00,     364.00,    0.00)   OUT
  0x86020212   (   50.00,   -20.00,    0.00)   (  25778.00,     364.00,    0.00)   OUT
  0x86020213   (   50.00,   -20.00,    0.00)   (  25778.00,     364.00,    0.00)   OUT
  0x86020214   (   50.00,   -30.00,    0.00)   (  25778.00,     354.00,    0.00)   OUT
  0x86020215   (   50.00,   -30.00,    0.00)   (  25778.00,     354.00,    0.00)   OUT
  0x86020216   (   50.00,   -30.00,    0.00)   (  25778.00,     354.00,    0.00)   OUT
  0x86020217   (   50.00,   -30.00,    0.00)   (  25778.00,     354.00,    0.00)   OUT
  0x86020218   (   50.00,   -30.00,    0.00)   (  25778.00,     354.00,    0.00)   OUT
  0x86020219   (   50.00,   -30.00,    0.00)   (  25778.00,     354.00,    0.00)   OUT
  0x8602021A   (   50.00,   -30.00,    0.00)   (  25778.00,     354.00,    0.00)   OUT
  0x8602021B   (   50.00,   -30.00,    0.00)   (  25778.00,     354.00,    0.00)   OUT
  0x8602021C   (   50.00,   -30.00,    0.00)   (  25778.00,     354.00,    0.00)   OUT
  0x8602021D   (   50.00,   -30.00,    0.00)   (  25778.00,     354.00,    0.00)   OUT
  0x8602021E   (   50.00,   -50.00,    0.00)   (  25778.00,     334.00,    0.00)   OUT
  0x8602021F   (   50.00,   -60.00,    0.00)   (  25778.00,     324.00,    0.00)   OUT
  0x86020220   (   50.00,   -70.00,    0.00)   (  25778.00,     314.00,    0.00)   OUT
  0x86020221   (   50.00,   -90.00,    0.00)   (  25778.00,     294.00,    0.00)   OUT
  0x86020222   (   50.00,  -100.00,    0.00)   (  25778.00,     284.00,    0.00)   OUT
  0x86020223   (   50.00,  -110.00,    0.00)   (  25778.00,     274.00,    0.00)   OUT
  0x86020224   (   50.00,  -120.00,    0.00)   (  25778.00,     264.00,    0.00)   OUT
  0x86020225   (   50.00,  -130.00,    0.00)   (  25778.00,     254.00,    0.00)   OUT
  0x86020226   (   50.00,  -140.00,    0.00)   (  25778.00,     244.00,    0.00)   OUT
  0x86020227   (   50.00,  -140.00,    0.00)   (  25778.00,     244.00,    0.00)   OUT
  0x86020228   (   50.00,  -140.00,    0.00)   (  25778.00,     244.00,    0.00)   OUT
  0x86020229   (   50.00,  -140.00,    0.00)   (  25778.00,     244.00,    0.00)   OUT
  0x8602022A   (   50.00,  -140.00,    0.00)   (  25778.00,     244.00,    0.00)   OUT
  0x8602022B   (   50.00,  -140.00,    0.00)   (  25778.00,     244.00,    0.00)   OUT
  0x8602022C   (   60.00,     0.00,    0.00)   (  25788.00,     384.00,    0.00)   IN
  0x8602022D   (   60.00,     0.00,    0.00)   (  25788.00,     384.00,    0.00)   IN
  0x8602022E   (   60.00,     0.00,    0.00)   (  25788.00,     384.00,    0.00)   IN
  0x8602022F   (   60.00,     0.00,    0.00)   (  25788.00,     384.00,    0.00)   IN
  0x86020230   (   60.00,     0.00,    0.00)   (  25788.00,     384.00,    0.00)   IN
  0x86020231   (   60.00,     0.00,    0.00)   (  25788.00,     384.00,    0.00)   IN
  0x86020232   (   60.00,     0.00,    0.00)   (  25788.00,     384.00,    0.00)   IN
  0x86020233   (   60.00,     0.00,    0.00)   (  25788.00,     384.00,    0.00)   IN
  0x86020234   (   60.00,     0.00,    0.00)   (  25788.00,     384.00,    0.00)   IN
  0x86020235   (   60.00,     0.00,    0.00)   (  25788.00,     384.00,    0.00)   IN
  0x86020236   (   60.00,   -10.00,    0.00)   (  25788.00,     374.00,    0.00)   OUT
  0x86020237   (   60.00,   -10.00,    0.00)   (  25788.00,     374.00,    0.00)   OUT
  0x86020238   (   60.00,   -10.00,    0.00)   (  25788.00,     374.00,    0.00)   OUT
  0x86020239   (   60.00,   -10.00,    0.00)   (  25788.00,     374.00,    0.00)   OUT
  0x8602023A   (   60.00,   -20.00,    0.00)   (  25788.00,     364.00,    0.00)   OUT
  0x8602023B   (   60.00,   -30.00,    0.00)   (  25788.00,     354.00,    0.00)   OUT
  0x8602023C   (   60.00,   -30.00,    0.00)   (  25788.00,     354.00,    0.00)   OUT
  0x8602023D   (   60.00,   -30.00,    0.00)   (  25788.00,     354.00,    0.00)   OUT
  0x8602023E   (   60.00,   -30.00,    0.00)   (  25788.00,     354.00,    0.00)   OUT
  0x8602023F   (   60.00,   -40.00,    0.00)   (  25788.00,     344.00,    0.00)   OUT
  0x86020240   (   60.00,   -40.00,    0.00)   (  25788.00,     344.00,    0.00)   OUT
  0x86020241   (   60.00,   -40.00,    0.00)   (  25788.00,     344.00,    0.00)   OUT
  0x86020242   (   60.00,   -40.00,    0.00)   (  25788.00,     344.00,    0.00)   OUT
  0x86020243   (   60.00,   -40.00,    0.00)   (  25788.00,     344.00,    0.00)   OUT
  0x86020244   (   60.00,   -40.00,    0.00)   (  25788.00,     344.00,    0.00)   OUT
  0x86020245   (   60.00,   -40.00,    0.00)   (  25788.00,     344.00,    0.00)   OUT
  0x86020246   (   60.00,   -40.00,    0.00)   (  25788.00,     344.00,    0.00)   OUT
  0x86020247   (   60.00,   -40.00,    0.00)   (  25788.00,     344.00,    0.00)   OUT
  0x86020248   (   60.00,   -40.00,    0.00)   (  25788.00,     344.00,    0.00)   OUT
  0x86020249   (   60.00,   -90.00,    0.00)   (  25788.00,     294.00,    0.00)   OUT
  0x8602024A   (   60.00,   -90.00,    0.00)   (  25788.00,     294.00,    0.00)   OUT
  0x8602024B   (   60.00,   -90.00,    0.00)   (  25788.00,     294.00,    0.00)   OUT
  0x8602024C   (   60.00,   -90.00,    0.00)   (  25788.00,     294.00,    0.00)   OUT
  0x8602024D   (   60.00,   -90.00,    0.00)   (  25788.00,     294.00,    0.00)   OUT
  0x8602024E   (   60.00,  -110.00,    0.00)   (  25788.00,     274.00,    0.00)   OUT
  0x8602024F   (   60.00,  -110.00,    0.00)   (  25788.00,     274.00,    0.00)   OUT
  0x86020250   (   60.00,  -110.00,    0.00)   (  25788.00,     274.00,    0.00)   OUT
  0x86020251   (   60.00,  -110.00,    0.00)   (  25788.00,     274.00,    0.00)   OUT
  0x86020252   (   60.00,  -110.00,    0.00)   (  25788.00,     274.00,    0.00)   OUT
  0x86020253   (   60.00,  -110.00,    0.00)   (  25788.00,     274.00,    0.00)   OUT
  0x86020254   (   60.00,  -120.00,    0.00)   (  25788.00,     264.00,    0.00)   OUT
  0x86020255   (   60.00,  -120.00,    0.00)   (  25788.00,     264.00,    0.00)   OUT
  0x86020256   (   60.00,  -120.00,    0.00)   (  25788.00,     264.00,    0.00)   OUT
  0x86020257   (   60.00,  -120.00,    0.00)   (  25788.00,     264.00,    0.00)   OUT
  0x86020258   (   60.00,  -130.00,    0.00)   (  25788.00,     254.00,    0.00)   OUT
  0x86020259   (   60.00,  -130.00,    0.00)   (  25788.00,     254.00,    0.00)   OUT
  0x8602025A   (   60.00,  -130.00,    0.00)   (  25788.00,     254.00,    0.00)   OUT
  0x8602025B   (   60.00,  -130.00,    0.00)   (  25788.00,     254.00,    0.00)   OUT
  0x8602025C   (   60.00,  -140.00,    0.00)   (  25788.00,     244.00,    0.00)   OUT
  0x8602025D   (   60.00,  -140.00,    0.00)   (  25788.00,     244.00,    0.00)   OUT
  0x8602025E   (   60.00,  -140.00,    0.00)   (  25788.00,     244.00,    0.00)   OUT
  0x8602025F   (   60.00,  -140.00,    0.00)   (  25788.00,     244.00,    0.00)   OUT
  0x86020260   (   60.00,  -140.00,    0.00)   (  25788.00,     244.00,    0.00)   OUT
  0x86020261   (   60.00,  -140.00,    0.00)   (  25788.00,     244.00,    0.00)   OUT
  0x86020262   (   60.00,  -140.00,    0.00)   (  25788.00,     244.00,    0.00)   OUT
  0x86020263   (   60.00,  -140.00,    0.00)   (  25788.00,     244.00,    0.00)   OUT
  0x86020264   (   60.00,  -140.00,    0.00)   (  25788.00,     244.00,    0.00)   OUT
  0x86020265   (   60.00,  -140.00,    0.00)   (  25788.00,     244.00,    0.00)   OUT
  0x86020266   (   70.00,     0.00,    0.00)   (  25798.00,     384.00,    0.00)   IN
  0x86020267   (   70.00,     0.00,    0.00)   (  25798.00,     384.00,    0.00)   IN
  0x86020268   (   70.00,     0.00,    0.00)   (  25798.00,     384.00,    0.00)   IN
  0x86020269   (   70.00,     0.00,    0.00)   (  25798.00,     384.00,    0.00)   IN
  0x8602026A   (   70.00,     0.00,    0.00)   (  25798.00,     384.00,    0.00)   IN
  0x8602026B   (   70.00,     0.00,    0.00)   (  25798.00,     384.00,    0.00)   IN
  0x8602026C   (   70.00,   -10.00,    0.00)   (  25798.00,     374.00,    0.00)   OUT
  0x8602026D   (   70.00,   -20.00,    0.00)   (  25798.00,     364.00,    0.00)   OUT
  0x8602026E   (   70.00,   -30.00,    0.00)   (  25798.00,     354.00,    0.00)   OUT
  0x8602026F   (   70.00,   -40.00,    0.00)   (  25798.00,     344.00,    0.00)   OUT
  0x86020270   (   70.00,   -40.00,    0.00)   (  25798.00,     344.00,    0.00)   OUT
  0x86020271   (   70.00,   -40.00,    0.00)   (  25798.00,     344.00,    0.00)   OUT
  0x86020272   (   70.00,   -40.00,    0.00)   (  25798.00,     344.00,    0.00)   OUT
  0x86020273   (   70.00,   -40.00,    0.00)   (  25798.00,     344.00,    0.00)   OUT
  0x86020274   (   70.00,   -40.00,    0.00)   (  25798.00,     344.00,    0.00)   OUT
  0x86020275   (   70.00,   -80.00,    0.00)   (  25798.00,     304.00,    0.00)   OUT
  0x86020276   (   70.00,   -80.00,    0.00)   (  25798.00,     304.00,    0.00)   OUT
  0x86020277   (   70.00,   -80.00,    0.00)   (  25798.00,     304.00,    0.00)   OUT
  0x86020278   (   70.00,   -90.00,    0.00)   (  25798.00,     294.00,    0.00)   OUT
  0x86020279   (   70.00,   -90.00,    0.00)   (  25798.00,     294.00,    0.00)   OUT
  0x8602027A   (   70.00,   -90.00,    0.00)   (  25798.00,     294.00,    0.00)   OUT
  0x8602027B   (   70.00,   -90.00,    0.00)   (  25798.00,     294.00,    0.00)   OUT
  0x8602027C   (   80.00,     0.00,    0.00)   (  25808.00,     384.00,    0.00)   IN
  0x8602027D   (   80.00,     0.00,    0.00)   (  25808.00,     384.00,    0.00)   IN
  0x8602027E   (   80.00,     0.00,    0.00)   (  25808.00,     384.00,    0.00)   IN
  0x8602027F   (   80.00,     0.00,    0.00)   (  25808.00,     384.00,    0.00)   IN
  0x86020280   (   80.00,     0.00,    0.00)   (  25808.00,     384.00,    0.00)   IN
  0x86020281   (   80.00,     0.00,    0.00)   (  25808.00,     384.00,    0.00)   IN
  0x86020282   (   80.00,   -10.00,    0.00)   (  25808.00,     374.00,    0.00)   OUT
  0x86020283   (   80.00,   -20.00,    0.00)   (  25808.00,     364.00,    0.00)   OUT
  0x86020284   (   80.00,   -30.00,    0.00)   (  25808.00,     354.00,    0.00)   OUT
  0x86020285   (   80.00,   -40.00,    0.00)   (  25808.00,     344.00,    0.00)   OUT
  0x86020286   (   80.00,   -40.00,    0.00)   (  25808.00,     344.00,    0.00)   OUT
  0x86020287   (   80.00,   -40.00,    0.00)   (  25808.00,     344.00,    0.00)   OUT
  0x86020288   (   80.00,   -40.00,    0.00)   (  25808.00,     344.00,    0.00)   OUT
  0x86020289   (   80.00,   -40.00,    0.00)   (  25808.00,     344.00,    0.00)   OUT
  0x8602028A   (   80.00,   -40.00,    0.00)   (  25808.00,     344.00,    0.00)   OUT
  0x8602028B   (   90.00,     0.00,    0.00)   (  25818.00,     384.00,    0.00)   IN
  0x8602028C   (   90.00,     0.00,    0.00)   (  25818.00,     384.00,    0.00)   IN
  0x8602028D   (   90.00,     0.00,    0.00)   (  25818.00,     384.00,    0.00)   IN
  0x8602028E   (   90.00,     0.00,    0.00)   (  25818.00,     384.00,    0.00)   IN
  0x8602028F   (   90.00,     0.00,    0.00)   (  25818.00,     384.00,    0.00)   IN
  0x86020290   (   90.00,     0.00,    0.00)   (  25818.00,     384.00,    0.00)   IN
  0x86020291   (   90.00,     0.00,    0.00)   (  25818.00,     384.00,    0.00)   IN
  0x86020292   (   90.00,     0.00,    0.00)   (  25818.00,     384.00,    0.00)   IN
  0x86020293   (   90.00,     0.00,    0.00)   (  25818.00,     384.00,    0.00)   IN
  0x86020294   (   90.00,     0.00,    0.00)   (  25818.00,     384.00,    0.00)   IN
  0x86020295   (   90.00,   -10.00,    0.00)   (  25818.00,     374.00,    0.00)   OUT
  0x86020296   (   90.00,   -10.00,    0.00)   (  25818.00,     374.00,    0.00)   OUT
  0x86020297   (   90.00,   -10.00,    0.00)   (  25818.00,     374.00,    0.00)   OUT
  0x86020298   (   90.00,   -10.00,    0.00)   (  25818.00,     374.00,    0.00)   OUT
  0x86020299   (   90.00,   -20.00,    0.00)   (  25818.00,     364.00,    0.00)   OUT
  0x8602029A   (   90.00,   -30.00,    0.00)   (  25818.00,     354.00,    0.00)   OUT
  0x8602029B   (   90.00,   -30.00,    0.00)   (  25818.00,     354.00,    0.00)   OUT
  0x8602029C   (   90.00,   -30.00,    0.00)   (  25818.00,     354.00,    0.00)   OUT
  0x8602029D   (   90.00,   -30.00,    0.00)   (  25818.00,     354.00,    0.00)   OUT
  0x8602029E   (   90.00,   -40.00,    0.00)   (  25818.00,     344.00,    0.00)   OUT
  0x8602029F   (   90.00,   -40.00,    0.00)   (  25818.00,     344.00,    0.00)   OUT
  0x860202A0   (   90.00,   -40.00,    0.00)   (  25818.00,     344.00,    0.00)   OUT
  0x860202A1   (   90.00,   -40.00,    0.00)   (  25818.00,     344.00,    0.00)   OUT
  0x860202A2   (   90.00,   -40.00,    0.00)   (  25818.00,     344.00,    0.00)   OUT
  0x860202A3   (   90.00,   -40.00,    0.00)   (  25818.00,     344.00,    0.00)   OUT
  0x860202A4   (   90.00,   -40.00,    0.00)   (  25818.00,     344.00,    0.00)   OUT
  0x860202A5   (   90.00,   -40.00,    0.00)   (  25818.00,     344.00,    0.00)   OUT
  0x860202A6   (   90.00,   -40.00,    0.00)   (  25818.00,     344.00,    0.00)   OUT
  0x860202A7   (   90.00,   -40.00,    0.00)   (  25818.00,     344.00,    0.00)   OUT
  0x860202A8   (  100.00,   -10.00,    0.00)   (  25828.00,     374.00,    0.00)   OUT
  0x860202A9   (  100.00,   -10.00,    0.00)   (  25828.00,     374.00,    0.00)   OUT
  0x860202AA   (  100.00,   -10.00,    0.00)   (  25828.00,     374.00,    0.00)   OUT
  0x860202AB   (  100.00,   -10.00,    0.00)   (  25828.00,     374.00,    0.00)   OUT
  0x860202AC   (  100.00,   -10.00,    0.00)   (  25828.00,     374.00,    0.00)   OUT
  0x860202AD   (  100.00,   -10.00,    0.00)   (  25828.00,     374.00,    0.00)   OUT
  0x860202AE   (  100.00,   -10.00,    0.00)   (  25828.00,     374.00,    0.00)   OUT
  0x860202AF   (  100.00,   -10.00,    0.00)   (  25828.00,     374.00,    0.00)   OUT
  0x860202B0   (  100.00,   -10.00,    0.00)   (  25828.00,     374.00,    0.00)   OUT
  0x860202B1   (  100.00,   -10.00,    0.00)   (  25828.00,     374.00,    0.00)   OUT
  0x860202B2   (  100.00,   -20.00,    0.00)   (  25828.00,     364.00,    0.00)   OUT
  0x860202B3   (  100.00,   -20.00,    0.00)   (  25828.00,     364.00,    0.00)   OUT
  0x860202B4   (  100.00,   -20.00,    0.00)   (  25828.00,     364.00,    0.00)   OUT
  0x860202B5   (  100.00,   -20.00,    0.00)   (  25828.00,     364.00,    0.00)   OUT
  0x860202B6   (  100.00,   -20.00,    0.00)   (  25828.00,     364.00,    0.00)   OUT
  0x860202B7   (  100.00,   -20.00,    0.00)   (  25828.00,     364.00,    0.00)   OUT
  0x860202B8   (  100.00,   -30.00,    0.00)   (  25828.00,     354.00,    0.00)   OUT
  0x860202B9   (  100.00,   -30.00,    0.00)   (  25828.00,     354.00,    0.00)   OUT
  0x860202BA   (  100.00,   -30.00,    0.00)   (  25828.00,     354.00,    0.00)   OUT
  0x860202BB   (  100.00,   -30.00,    0.00)   (  25828.00,     354.00,    0.00)   OUT
  0x860202BC   (  100.00,   -30.00,    0.00)   (  25828.00,     354.00,    0.00)   OUT
  0x860202BD   (  100.00,   -30.00,    0.00)   (  25828.00,     354.00,    0.00)   OUT
  0x860202BE   (  100.00,   -30.00,    0.00)   (  25828.00,     354.00,    0.00)   OUT
  0x860202BF   (  100.00,   -30.00,    0.00)   (  25828.00,     354.00,    0.00)   OUT
  0x860202C0   (  100.00,   -30.00,    0.00)   (  25828.00,     354.00,    0.00)   OUT
  0x860202C1   (  100.00,   -30.00,    0.00)   (  25828.00,     354.00,    0.00)   OUT
  0x860202C2   (  120.00,  -130.00,    0.00)   (  25848.00,     254.00,    0.00)   OUT
  0x860202C3   (  120.00,  -140.00,    0.00)   (  25848.00,     244.00,    0.00)   OUT
  0x860202C4   (  130.00,  -130.00,    0.00)   (  25858.00,     254.00,    0.00)   OUT
  0x860202C5   (  130.00,  -140.00,    0.00)   (  25858.00,     244.00,    0.00)   OUT
  0x860202C6   (  130.00,  -190.00,    0.00)   (  25858.00,     194.00,    0.00)   OUT
  0x860202C7   (  130.00,  -200.00,    0.00)   (  25858.00,     184.00,    0.00)   OUT
  0x860202C8   (  140.00,  -190.00,    0.00)   (  25868.00,     194.00,    0.00)   OUT
  0x860202C9   (  140.00,  -200.00,    0.00)   (  25868.00,     184.00,    0.00)   OUT
  0x860202CA   (  140.00,  -210.00,    0.00)   (  25868.00,     174.00,    0.00)   OUT
  0x860202CB   (  150.00,  -140.00,    0.00)   (  25878.00,     244.00,    0.00)   OUT
  0x860202CC   (  150.00,  -150.00,    0.00)   (  25878.00,     234.00,    0.00)   OUT
  0x860202CD   (  150.00,  -160.00,    0.00)   (  25878.00,     224.00,    0.00)   OUT
  0x860202CE   (  150.00,  -200.00,    0.00)   (  25878.00,     184.00,    0.00)   OUT
  0x860202CF   (  150.00,  -210.00,    0.00)   (  25878.00,     174.00,    0.00)   OUT
  0x860202D0   (  160.00,  -140.00,    0.00)   (  25888.00,     244.00,    0.00)   OUT
  0x860202D1   (  160.00,  -150.00,    0.00)   (  25888.00,     234.00,    0.00)   OUT
  0x860202D2   (  160.00,  -160.00,    0.00)   (  25888.00,     224.00,    0.00)   OUT
  0x860202D3   (  170.00,  -140.00,    0.00)   (  25898.00,     244.00,    0.00)   OUT
  0x860202D4   (  170.00,  -150.00,    0.00)   (  25898.00,     234.00,    0.00)   OUT
  0x860202D5   (  170.00,  -160.00,    0.00)   (  25898.00,     224.00,    0.00)   OUT
  0x860202D6   (  180.00,  -110.00,    0.00)   (  25908.00,     274.00,    0.00)   OUT
  0x860202D7   (  180.00,  -200.00,    0.00)   (  25908.00,     184.00,    0.00)   OUT
  0x860202D8   (  180.00,  -210.00,    0.00)   (  25908.00,     174.00,    0.00)   OUT
  0x860202D9   (  180.00,  -220.00,    0.00)   (  25908.00,     164.00,    0.00)   OUT
  0x860202DA   (  190.00,  -200.00,    0.00)   (  25918.00,     184.00,    0.00)   OUT
  0x860202DB   (  190.00,  -210.00,    0.00)   (  25918.00,     174.00,    0.00)   OUT
  0x860202DC   (  190.00,  -220.00,    0.00)   (  25918.00,     164.00,    0.00)   OUT
  0x860202DD   (  200.00,  -200.00,    0.00)   (  25928.00,     184.00,    0.00)   OUT
  0x860202DE   (  200.00,  -210.00,    0.00)   (  25928.00,     174.00,    0.00)   OUT
  0x860202DF   (  200.00,  -220.00,    0.00)   (  25928.00,     164.00,    0.00)   OUT
  0x860202E0   (    0.00,   -60.00,    6.00)   (  25728.00,     324.00,    6.00)   OUT
  0x860202E1   (    0.00,   -70.00,    6.00)   (  25728.00,     314.00,    6.00)   OUT
  0x860202E2   (   10.00,   -30.00,    6.00)   (  25738.00,     354.00,    6.00)   OUT
  0x860202E3   (   10.00,   -70.00,    6.00)   (  25738.00,     314.00,    6.00)   OUT
  0x860202E4   (   10.00,   -80.00,    6.00)   (  25738.00,     304.00,    6.00)   OUT
  0x860202E5   (   20.00,   -20.00,    6.00)   (  25748.00,     364.00,    6.00)   OUT
  0x860202E6   (   20.00,   -40.00,    6.00)   (  25748.00,     344.00,    6.00)   OUT
  0x860202E7   (   20.00,  -110.00,    6.00)   (  25748.00,     274.00,    6.00)   OUT
  0x860202E8   (   20.00,  -120.00,    6.00)   (  25748.00,     264.00,    6.00)   OUT
  0x860202E9   (   20.00,  -130.00,    6.00)   (  25748.00,     254.00,    6.00)   OUT
  0x860202EA   (   20.00,  -140.00,    6.00)   (  25748.00,     244.00,    6.00)   OUT
  0x860202EB   (   30.00,  -110.00,    6.00)   (  25758.00,     274.00,    6.00)   OUT
  0x860202EC   (   30.00,  -120.00,    6.00)   (  25758.00,     264.00,    6.00)   OUT
  0x860202ED   (   30.00,  -130.00,    6.00)   (  25758.00,     254.00,    6.00)   OUT
  0x860202EE   (   30.00,  -140.00,    6.00)   (  25758.00,     244.00,    6.00)   OUT
  0x860202EF   (   40.00,   -70.00,    6.00)   (  25768.00,     314.00,    6.00)   OUT
  0x860202F0   (   40.00,   -80.00,    6.00)   (  25768.00,     304.00,    6.00)   OUT
  0x860202F1   (   40.00,   -90.00,    6.00)   (  25768.00,     294.00,    6.00)   OUT
  0x860202F2   (   40.00,  -110.00,    6.00)   (  25768.00,     274.00,    6.00)   OUT
  0x860202F3   (   40.00,  -120.00,    6.00)   (  25768.00,     264.00,    6.00)   OUT
  0x860202F4   (   40.00,  -130.00,    6.00)   (  25768.00,     254.00,    6.00)   OUT
  0x860202F5   (   40.00,  -140.00,    6.00)   (  25768.00,     244.00,    6.00)   OUT
  0x860202F6   (   50.00,   -10.00,    6.00)   (  25778.00,     374.00,    6.00)   OUT
  0x860202F7   (   50.00,   -20.00,    6.00)   (  25778.00,     364.00,    6.00)   OUT
  0x860202F8   (   50.00,   -30.00,    6.00)   (  25778.00,     354.00,    6.00)   OUT
  0x860202F9   (   50.00,   -60.00,    6.00)   (  25778.00,     324.00,    6.00)   OUT
  0x860202FA   (   50.00,   -70.00,    6.00)   (  25778.00,     314.00,    6.00)   OUT
  0x860202FB   (   50.00,   -90.00,    6.00)   (  25778.00,     294.00,    6.00)   OUT
  0x860202FC   (   50.00,  -110.00,    6.00)   (  25778.00,     274.00,    6.00)   OUT
  0x860202FD   (   50.00,  -120.00,    6.00)   (  25778.00,     264.00,    6.00)   OUT
  0x860202FE   (   50.00,  -130.00,    6.00)   (  25778.00,     254.00,    6.00)   OUT
  0x860202FF   (   50.00,  -140.00,    6.00)   (  25778.00,     244.00,    6.00)   OUT
  0x86020300   (   60.00,     0.00,    6.00)   (  25788.00,     384.00,    6.00)   IN
  0x86020301   (   60.00,   -10.00,    6.00)   (  25788.00,     374.00,    6.00)   OUT
  0x86020302   (   60.00,   -20.00,    6.00)   (  25788.00,     364.00,    6.00)   OUT
  0x86020303   (   60.00,   -30.00,    6.00)   (  25788.00,     354.00,    6.00)   OUT
  0x86020304   (   60.00,   -40.00,    6.00)   (  25788.00,     344.00,    6.00)   OUT
  0x86020305   (   60.00,   -80.00,    6.00)   (  25788.00,     304.00,    6.00)   OUT
  0x86020306   (   60.00,   -80.00,    6.00)   (  25788.00,     304.00,    6.00)   OUT
  0x86020307   (   60.00,   -80.00,    6.00)   (  25788.00,     304.00,    6.00)   OUT
  0x86020308   (   60.00,  -110.00,    6.00)   (  25788.00,     274.00,    6.00)   OUT
  0x86020309   (   60.00,  -120.00,    6.00)   (  25788.00,     264.00,    6.00)   OUT
  0x8602030A   (   60.00,  -130.00,    6.00)   (  25788.00,     254.00,    6.00)   OUT
  0x8602030B   (   60.00,  -140.00,    6.00)   (  25788.00,     244.00,    6.00)   OUT
  0x8602030C   (   70.00,     0.00,    6.00)   (  25798.00,     384.00,    6.00)   IN
  0x8602030D   (   70.00,   -10.00,    6.00)   (  25798.00,     374.00,    6.00)   OUT
  0x8602030E   (   70.00,   -20.00,    6.00)   (  25798.00,     364.00,    6.00)   OUT
  0x8602030F   (   70.00,   -30.00,    6.00)   (  25798.00,     354.00,    6.00)   OUT
  0x86020310   (   70.00,   -40.00,    6.00)   (  25798.00,     344.00,    6.00)   OUT
  0x86020311   (   80.00,     0.00,    6.00)   (  25808.00,     384.00,    6.00)   IN
  0x86020312   (   80.00,   -10.00,    6.00)   (  25808.00,     374.00,    6.00)   OUT
  0x86020313   (   80.00,   -20.00,    6.00)   (  25808.00,     364.00,    6.00)   OUT
  0x86020314   (   80.00,   -30.00,    6.00)   (  25808.00,     354.00,    6.00)   OUT
  0x86020315   (   80.00,   -40.00,    6.00)   (  25808.00,     344.00,    6.00)   OUT
  0x86020316   (   90.00,     0.00,    6.00)   (  25818.00,     384.00,    6.00)   IN
  0x86020317   (   90.00,   -10.00,    6.00)   (  25818.00,     374.00,    6.00)   OUT
  0x86020318   (   90.00,   -20.00,    6.00)   (  25818.00,     364.00,    6.00)   OUT
  0x86020319   (   90.00,   -30.00,    6.00)   (  25818.00,     354.00,    6.00)   OUT
  0x8602031A   (   90.00,   -40.00,    6.00)   (  25818.00,     344.00,    6.00)   OUT
  0x8602031B   (  100.00,   -10.00,    6.00)   (  25828.00,     374.00,    6.00)   OUT
  0x8602031C   (  100.00,   -20.00,    6.00)   (  25828.00,     364.00,    6.00)   OUT
  0x8602031D   (  100.00,   -30.00,    6.00)   (  25828.00,     354.00,    6.00)   OUT
  0x8602031E   (  120.00,  -130.00,    6.00)   (  25848.00,     254.00,    6.00)   OUT
  0x8602031F   (  120.00,  -140.00,    6.00)   (  25848.00,     244.00,    6.00)   OUT
  0x86020320   (  130.00,  -130.00,    6.00)   (  25858.00,     254.00,    6.00)   OUT
  0x86020321   (  130.00,  -140.00,    6.00)   (  25858.00,     244.00,    6.00)   OUT
  0x86020322   (  150.00,  -150.00,    6.00)   (  25878.00,     234.00,    6.00)   OUT
  0x86020323   (  160.00,  -140.00,    6.00)   (  25888.00,     244.00,    6.00)   OUT
  0x86020324   (  160.00,  -150.00,    6.00)   (  25888.00,     234.00,    6.00)   OUT
  0x86020325   (  160.00,  -160.00,    6.00)   (  25888.00,     224.00,    6.00)   OUT
  0x86020326   (  170.00,  -150.00,    6.00)   (  25898.00,     234.00,    6.00)   OUT
  0x86020327   (   60.00,   -70.00,   12.00)   (  25788.00,     314.00,   12.00)   OUT
  0x86020328   (   60.00,   -70.00,   12.00)   (  25788.00,     314.00,   12.00)   OUT
  0x86020329   (   60.00,   -70.00,   12.00)   (  25788.00,     314.00,   12.00)   OUT
  0x8602032A   (   70.00,   -60.00,   12.00)   (  25798.00,     324.00,   12.00)   OUT
  0x8602032B   (   70.00,   -70.00,   12.00)   (  25798.00,     314.00,   12.00)   OUT
  0x8602032C   (   80.00,   -60.00,   12.00)   (  25808.00,     324.00,   12.00)   OUT
  0x8602032D   (   80.00,   -70.00,   12.00)   (  25808.00,     314.00,   12.00)   OUT
  0x8602032E   (   80.00,   -70.00,   12.00)   (  25808.00,     314.00,   12.00)   OUT
  0x8602032F   (   80.00,   -70.00,   12.00)   (  25808.00,     314.00,   12.00)   OUT
  0x86020330   (   80.00,   -70.00,   12.00)   (  25808.00,     314.00,   12.00)   OUT
  0x86020331   (   90.00,   -60.00,   12.00)   (  25818.00,     324.00,   12.00)   OUT
  0x86020332   (   90.00,   -60.00,   12.00)   (  25818.00,     324.00,   12.00)   OUT
  0x86020333   (   90.00,   -60.00,   12.00)   (  25818.00,     324.00,   12.00)   OUT
  0x86020334   (   70.00,   -60.00,   18.00)   (  25798.00,     324.00,   18.00)   OUT
  0x86020335   (   70.00,   -70.00,   18.00)   (  25798.00,     314.00,   18.00)   OUT
  0x86020336   (   80.00,   -60.00,   18.00)   (  25808.00,     324.00,   18.00)   OUT
  0x86020337   (   80.00,   -70.00,   18.00)   (  25808.00,     314.00,   18.00)   OUT

  SUMMARY 0x8602: cells_with_position=568
  Frame.Origin bbox: X[0.00..210.00] Y[-250.00..0.00] Z[-12.00..18.00]
  Cells with Frame.Origin inside [0,192] on BOTH X and Y: 36
  Cells with Frame.Origin OUTSIDE that footprint: 532

================================================================
LANDBLOCK 0xA9B4  (LbX=169, LbY=180)
----------------------------------------------------------------
  Landblock 0xA9B4 (LbX=169, LbY=180):
    HasObjects:     True
    Terrain[]:      81 entries (9x9=81 expected)
    Height[]:       81 entries (81 expected)
    LandblockInfo:  present (file 0xA9B4FFFE in CellDat)
      NumCells:     123   (= indoor EnvCells inside this landblock)
      Buildings:    12
      Objects:      114
      PackMask:     0x00000000

  Per-cell Frame.Origin (landblock-local) and composed world position:
  CellId                Frame.Origin(x,y,z)                   World(x,y,z) InFootprint?
  0xA9B40100   (   84.09,   131.54,   66.00)   (  32532.09,   34691.54,   66.00)   IN
  0xA9B40101   (   84.09,   131.54,   66.00)   (  32532.09,   34691.54,   66.00)   IN
  0xA9B40102   (   84.09,   131.54,   66.00)   (  32532.09,   34691.54,   66.00)   IN
  0xA9B40103   (   84.09,   131.54,   66.00)   (  32532.09,   34691.54,   66.00)   IN
  0xA9B40104   (   84.09,   131.54,   66.00)   (  32532.09,   34691.54,   66.00)   IN
  0xA9B40105   (   84.09,   131.54,   66.00)   (  32532.09,   34691.54,   66.00)   IN
  0xA9B40106   (   84.09,   131.54,   66.00)   (  32532.09,   34691.54,   66.00)   IN
  0xA9B40107   (   84.09,   131.54,   66.00)   (  32532.09,   34691.54,   66.00)   IN
  0xA9B40108   (   84.09,   131.54,   66.00)   (  32532.09,   34691.54,   66.00)   IN
  0xA9B40109   (   84.09,   131.54,   66.00)   (  32532.09,   34691.54,   66.00)   IN
  0xA9B4010A   (   84.09,   131.54,   66.00)   (  32532.09,   34691.54,   66.00)   IN
  0xA9B4010B   (   84.09,   131.54,   66.00)   (  32532.09,   34691.54,   66.00)   IN
  0xA9B4010C   (   84.09,   131.54,   66.00)   (  32532.09,   34691.54,   66.00)   IN
  0xA9B4010D   (   84.09,   131.54,   66.00)   (  32532.09,   34691.54,   66.00)   IN
  0xA9B4010E   (   84.09,   131.54,   66.00)   (  32532.09,   34691.54,   66.00)   IN
  0xA9B4010F   (   84.09,   131.54,   66.00)   (  32532.09,   34691.54,   66.00)   IN
  0xA9B40110   (   84.09,   131.54,   66.00)   (  32532.09,   34691.54,   66.00)   IN
  0xA9B40111   (   31.50,   159.50,   66.00)   (  32479.50,   34719.50,   66.00)   IN
  0xA9B40112   (   31.50,   159.50,   66.00)   (  32479.50,   34719.50,   66.00)   IN
  0xA9B40113   (   31.50,   159.50,   66.00)   (  32479.50,   34719.50,   66.00)   IN
  0xA9B40114   (   31.50,   159.50,   66.00)   (  32479.50,   34719.50,   66.00)   IN
  0xA9B40115   (   31.50,   159.50,   66.00)   (  32479.50,   34719.50,   66.00)   IN
  0xA9B40116   (  154.06,   132.70,   66.00)   (  32602.06,   34692.70,   66.00)   IN
  0xA9B40117   (  154.06,   132.70,   66.00)   (  32602.06,   34692.70,   66.00)   IN
  0xA9B40118   (  154.06,   132.70,   66.00)   (  32602.06,   34692.70,   66.00)   IN
  0xA9B40119   (  154.06,   132.70,   66.00)   (  32602.06,   34692.70,   66.00)   IN
  0xA9B4011A   (  154.06,   132.70,   66.00)   (  32602.06,   34692.70,   66.00)   IN
  0xA9B4011B   (  154.06,   132.70,   66.00)   (  32602.06,   34692.70,   66.00)   IN
  0xA9B4011C   (  154.06,   132.70,   66.00)   (  32602.06,   34692.70,   66.00)   IN
  0xA9B4011D   (  154.06,   132.70,   66.00)   (  32602.06,   34692.70,   66.00)   IN
  0xA9B4011E   (  154.06,   132.70,   66.00)   (  32602.06,   34692.70,   66.00)   IN
  0xA9B4011F   (  104.50,   135.50,   66.00)   (  32552.50,   34695.50,   66.00)   IN
  0xA9B40120   (  104.50,   135.50,   66.00)   (  32552.50,   34695.50,   66.00)   IN
  0xA9B40121   (  104.50,   135.50,   66.00)   (  32552.50,   34695.50,   66.00)   IN
  0xA9B40122   (  104.50,   135.50,   66.00)   (  32552.50,   34695.50,   66.00)   IN
  0xA9B40123   (  104.50,   135.50,   66.00)   (  32552.50,   34695.50,   66.00)   IN
  0xA9B40124   (  104.50,   135.50,   66.00)   (  32552.50,   34695.50,   66.00)   IN
  0xA9B40125   (  104.50,   135.50,   66.00)   (  32552.50,   34695.50,   66.00)   IN
  0xA9B40126   (  104.50,   135.50,   66.00)   (  32552.50,   34695.50,   66.00)   IN
  0xA9B40127   (   57.50,   133.50,   66.00)   (  32505.50,   34693.50,   66.00)   IN
  0xA9B40128   (   57.50,   133.50,   66.00)   (  32505.50,   34693.50,   66.00)   IN
  0xA9B40129   (   57.50,   133.50,   66.00)   (  32505.50,   34693.50,   66.00)   IN
  0xA9B4012A   (   57.50,   133.50,   66.00)   (  32505.50,   34693.50,   66.00)   IN
  0xA9B4012B   (   57.50,   133.50,   66.00)   (  32505.50,   34693.50,   66.00)   IN
  0xA9B4012C   (   57.50,   133.50,   66.00)   (  32505.50,   34693.50,   66.00)   IN
  0xA9B4012D   (   57.50,   133.50,   66.00)   (  32505.50,   34693.50,   66.00)   IN
  0xA9B4012E   (   57.50,   133.50,   66.00)   (  32505.50,   34693.50,   66.00)   IN
  0xA9B4012F   (   57.50,   133.50,   66.00)   (  32505.50,   34693.50,   66.00)   IN
  0xA9B40130   (   57.50,   133.50,   66.00)   (  32505.50,   34693.50,   66.00)   IN
  0xA9B40131   (   57.50,   133.50,   66.00)   (  32505.50,   34693.50,   66.00)   IN
  0xA9B40132   (   57.50,   133.50,   66.00)   (  32505.50,   34693.50,   66.00)   IN
  0xA9B40133   (   57.50,   133.50,   66.00)   (  32505.50,   34693.50,   66.00)   IN
  0xA9B40134   (   57.50,   133.50,   66.00)   (  32505.50,   34693.50,   66.00)   IN
  0xA9B40135   (   57.50,   133.50,   66.00)   (  32505.50,   34693.50,   66.00)   IN
  0xA9B40136   (   57.50,   133.50,   66.00)   (  32505.50,   34693.50,   66.00)   IN
  0xA9B40137   (   57.50,   133.50,   66.00)   (  32505.50,   34693.50,   66.00)   IN
  0xA9B40138   (  132.50,   154.00,   66.00)   (  32580.50,   34714.00,   66.00)   IN
  0xA9B40139   (  132.50,   154.00,   66.00)   (  32580.50,   34714.00,   66.00)   IN
  0xA9B4013A   (  132.50,   154.00,   66.00)   (  32580.50,   34714.00,   66.00)   IN
  0xA9B4013B   (  132.50,   154.00,   66.00)   (  32580.50,   34714.00,   66.00)   IN
  0xA9B4013C   (  132.50,   154.00,   66.00)   (  32580.50,   34714.00,   66.00)   IN
  0xA9B4013D   (  132.50,   154.00,   66.00)   (  32580.50,   34714.00,   66.00)   IN
  0xA9B4013E   (  132.50,   154.00,   66.00)   (  32580.50,   34714.00,   66.00)   IN
  0xA9B4013F   (  130.50,    11.50,   94.00)   (  32578.50,   34571.50,   94.00)   IN
  0xA9B40140   (  130.50,    11.50,   94.00)   (  32578.50,   34571.50,   94.00)   IN
  0xA9B40141   (  130.50,    11.50,   94.00)   (  32578.50,   34571.50,   94.00)   IN
  0xA9B40142   (  130.50,    11.50,   94.00)   (  32578.50,   34571.50,   94.00)   IN
  0xA9B40143   (  130.50,    11.50,   94.00)   (  32578.50,   34571.50,   94.00)   IN
  0xA9B40144   (  130.50,    11.50,   94.00)   (  32578.50,   34571.50,   94.00)   IN
  0xA9B40145   (  130.50,    11.50,   94.00)   (  32578.50,   34571.50,   94.00)   IN
  0xA9B40146   (  130.50,    11.50,   94.00)   (  32578.50,   34571.50,   94.00)   IN
  0xA9B40147   (  130.50,    11.50,   94.00)   (  32578.50,   34571.50,   94.00)   IN
  0xA9B40148   (  130.50,    11.50,   94.00)   (  32578.50,   34571.50,   94.00)   IN
  0xA9B40149   (  130.50,    11.50,   94.00)   (  32578.50,   34571.50,   94.00)   IN
  0xA9B4014A   (  130.50,    11.50,   94.00)   (  32578.50,   34571.50,   94.00)   IN
  0xA9B4014B   (  130.50,    11.50,   94.00)   (  32578.50,   34571.50,   94.00)   IN
  0xA9B4014C   (  130.50,    11.50,   94.00)   (  32578.50,   34571.50,   94.00)   IN
  0xA9B4014D   (  130.50,    11.50,   94.00)   (  32578.50,   34571.50,   94.00)   IN
  0xA9B4014E   (  130.50,    11.50,   94.00)   (  32578.50,   34571.50,   94.00)   IN
  0xA9B4014F   (  130.50,    11.50,   94.00)   (  32578.50,   34571.50,   94.00)   IN
  0xA9B40150   (  130.50,    11.50,   94.00)   (  32578.50,   34571.50,   94.00)   IN
  0xA9B40151   (  107.50,    36.00,   94.00)   (  32555.50,   34596.00,   94.00)   IN
  0xA9B40152   (  107.50,    36.00,   94.00)   (  32555.50,   34596.00,   94.00)   IN
  0xA9B40153   (  107.50,    36.00,   94.00)   (  32555.50,   34596.00,   94.00)   IN
  0xA9B40154   (  107.50,    36.00,   94.00)   (  32555.50,   34596.00,   94.00)   IN
  0xA9B40155   (  107.50,    36.00,   94.00)   (  32555.50,   34596.00,   94.00)   IN
  0xA9B40156   (  107.50,    36.00,   94.00)   (  32555.50,   34596.00,   94.00)   IN
  0xA9B40157   (  107.50,    36.00,   94.00)   (  32555.50,   34596.00,   94.00)   IN
  0xA9B40158   (  107.50,    36.00,   94.00)   (  32555.50,   34596.00,   94.00)   IN
  0xA9B40159   (  107.50,    36.00,   94.00)   (  32555.50,   34596.00,   94.00)   IN
  0xA9B4015A   (  107.50,    36.00,   94.00)   (  32555.50,   34596.00,   94.00)   IN
  0xA9B4015B   (  107.50,    36.00,   94.00)   (  32555.50,   34596.00,   94.00)   IN
  0xA9B4015C   (  107.50,    36.00,   94.00)   (  32555.50,   34596.00,   94.00)   IN
  0xA9B4015D   (  107.50,    36.00,   94.00)   (  32555.50,   34596.00,   94.00)   IN
  0xA9B4015E   (  107.50,    36.00,   94.00)   (  32555.50,   34596.00,   94.00)   IN
  0xA9B4015F   (  107.50,    36.00,   94.00)   (  32555.50,   34596.00,   94.00)   IN
  0xA9B40160   (  107.50,    36.00,   94.00)   (  32555.50,   34596.00,   94.00)   IN
  0xA9B40161   (  107.50,    36.00,   94.00)   (  32555.50,   34596.00,   94.00)   IN
  0xA9B40162   (  107.50,    36.00,   94.00)   (  32555.50,   34596.00,   94.00)   IN
  0xA9B40163   (  107.50,    36.00,   94.00)   (  32555.50,   34596.00,   94.00)   IN
  0xA9B40164   (  107.50,    36.00,   94.00)   (  32555.50,   34596.00,   94.00)   IN
  0xA9B40165   (  107.50,    36.00,   94.00)   (  32555.50,   34596.00,   94.00)   IN
  0xA9B40166   (  107.50,    36.00,   94.00)   (  32555.50,   34596.00,   94.00)   IN
  0xA9B40167   (  107.50,    36.00,   94.00)   (  32555.50,   34596.00,   94.00)   IN
  0xA9B40168   (  107.50,    36.00,   94.00)   (  32555.50,   34596.00,   94.00)   IN
  0xA9B40169   (  107.50,    36.00,   94.00)   (  32555.50,   34596.00,   94.00)   IN
  0xA9B4016A   (   79.50,    37.50,   94.00)   (  32527.50,   34597.50,   94.00)   IN
  0xA9B4016B   (   79.50,    37.50,   94.00)   (  32527.50,   34597.50,   94.00)   IN
  0xA9B4016C   (   79.50,    37.50,   94.00)   (  32527.50,   34597.50,   94.00)   IN
  0xA9B4016D   (   79.50,    37.50,   94.00)   (  32527.50,   34597.50,   94.00)   IN
  0xA9B4016E   (   79.50,    37.50,   94.00)   (  32527.50,   34597.50,   94.00)   IN
  0xA9B4016F   (  161.93,     7.50,   94.00)   (  32609.93,   34567.50,   94.00)   IN
  0xA9B40170   (  161.93,     7.50,   94.00)   (  32609.93,   34567.50,   94.00)   IN
  0xA9B40171   (  161.93,     7.50,   94.00)   (  32609.93,   34567.50,   94.00)   IN
  0xA9B40172   (  161.93,     7.50,   94.00)   (  32609.93,   34567.50,   94.00)   IN
  0xA9B40173   (  161.93,     7.50,   94.00)   (  32609.93,   34567.50,   94.00)   IN
  0xA9B40174   (  161.93,     7.50,   94.00)   (  32609.93,   34567.50,   94.00)   IN
  0xA9B40175   (  161.93,     7.50,   94.00)   (  32609.93,   34567.50,   94.00)   IN
  0xA9B40176   (   65.21,   156.63,   66.00)   (  32513.21,   34716.63,   66.00)   IN
  0xA9B40177   (   65.21,   156.63,   66.00)   (  32513.21,   34716.63,   66.00)   IN
  0xA9B40178   (   65.21,   156.63,   66.00)   (  32513.21,   34716.63,   66.00)   IN
  0xA9B40179   (  158.18,    37.71,   94.00)   (  32606.18,   34597.71,   94.00)   IN
  0xA9B4017A   (  158.18,    37.71,   94.00)   (  32606.18,   34597.71,   94.00)   IN
  0xA9B4017B   (  161.72,   105.05,   66.00)   (  32609.72,   34665.05,   66.00)   IN
  0xA9B4017C   (  161.72,   105.05,   66.00)   (  32609.72,   34665.05,   66.00)   IN
  0xA9B4017D   (  161.72,   105.05,   66.00)   (  32609.72,   34665.05,   66.00)   IN
  0xA9B4017E   (  161.72,   105.05,   66.00)   (  32609.72,   34665.05,   66.00)   IN
  0xA9B4017F   (  161.72,   105.05,   66.00)   (  32609.72,   34665.05,   66.00)   IN
  0xA9B40180   (   35.71,    54.46,   78.00)   (  32483.71,   34614.46,   78.00)   IN
  0xA9B40181   (   35.71,    54.46,   78.00)   (  32483.71,   34614.46,   78.00)   IN
  0xA9B40182   (   35.71,    54.46,   78.00)   (  32483.71,   34614.46,   78.00)   IN
  0xA9B40183   (   35.71,    54.46,   78.00)   (  32483.71,   34614.46,   78.00)   IN
  0xA9B40184   (   35.71,    54.46,   78.00)   (  32483.71,   34614.46,   78.00)   IN
  0xA9B40185   (  108.00,    84.00,   80.00)   (  32556.00,   34644.00,   80.00)   IN
  0xA9B40186   (  108.00,    84.00,   80.00)   (  32556.00,   34644.00,   80.00)   IN
  0xA9B40187   (  108.00,    84.00,   80.00)   (  32556.00,   34644.00,   80.00)   IN
  0xA9B40188   (  108.00,    84.00,   80.00)   (  32556.00,   34644.00,   80.00)   IN
  0xA9B40189   (  108.00,    84.00,   80.00)   (  32556.00,   34644.00,   80.00)   IN

  SUMMARY 0xA9B4: cells_with_position=138
  Frame.Origin bbox: X[31.50..161.93] Y[7.50..159.50] Z[66.00..94.00]
  Cells with Frame.Origin inside [0,192] on BOTH X and Y: 138
  Cells with Frame.Origin OUTSIDE that footprint: 0

================================================================
LANDBLOCK 0x01AE  (LbX=1, LbY=174)
----------------------------------------------------------------
  Landblock 0x01AE (LbX=1, LbY=174):
    HasObjects:     True
    Terrain[]:      81 entries (9x9=81 expected)
    Height[]:       81 entries (81 expected)
    LandblockInfo:  present (file 0x01AEFFFE in CellDat)
      NumCells:     745   (= indoor EnvCells inside this landblock)
      Buildings:    0
      Objects:      0
      PackMask:     0x00000000

  Per-cell Frame.Origin (landblock-local) and composed world position:
  CellId                Frame.Origin(x,y,z)                   World(x,y,z) InFootprint?
  0x01AE0100   (    0.00,  -100.00,  -36.00)   (    192.00,   33308.00,  -36.00)   OUT
  0x01AE0101   (    0.00,  -110.00,  -36.00)   (    192.00,   33298.00,  -36.00)   OUT
  0x01AE0102   (   10.00,  -100.00,  -36.00)   (    202.00,   33308.00,  -36.00)   OUT
  0x01AE0103   (   10.00,  -100.00,  -36.00)   (    202.00,   33308.00,  -36.00)   OUT
  0x01AE0104   (   10.00,  -110.00,  -36.00)   (    202.00,   33298.00,  -36.00)   OUT
  0x01AE0105   (   20.00,  -100.00,  -36.00)   (    212.00,   33308.00,  -36.00)   OUT
  0x01AE0106   (    0.00,  -100.00,  -30.00)   (    192.00,   33308.00,  -30.00)   OUT
  0x01AE0107   (    0.00,  -110.00,  -30.00)   (    192.00,   33298.00,  -30.00)   OUT
  0x01AE0108   (   10.00,  -100.00,  -30.00)   (    202.00,   33308.00,  -30.00)   OUT
  0x01AE0109   (   10.00,  -110.00,  -30.00)   (    202.00,   33298.00,  -30.00)   OUT
  0x01AE010A   (   20.00,   -90.00,  -30.00)   (    212.00,   33318.00,  -30.00)   OUT
  0x01AE010B   (   30.00,   -90.00,  -30.00)   (    222.00,   33318.00,  -30.00)   OUT
  0x01AE010C   (   30.00,   -90.00,  -30.00)   (    222.00,   33318.00,  -30.00)   OUT
  0x01AE010D   (   30.00,   -90.00,  -30.00)   (    222.00,   33318.00,  -30.00)   OUT
  0x01AE010E   (   30.00,   -90.00,  -30.00)   (    222.00,   33318.00,  -30.00)   OUT
  0x01AE010F   (   30.00,   -90.00,  -30.00)   (    222.00,   33318.00,  -30.00)   OUT
  0x01AE0110   (   30.00,  -100.00,  -30.00)   (    222.00,   33308.00,  -30.00)   OUT
  0x01AE0111   (   40.00,   -70.00,  -30.00)   (    232.00,   33338.00,  -30.00)   OUT
  0x01AE0112   (   40.00,   -80.00,  -30.00)   (    232.00,   33328.00,  -30.00)   OUT
  0x01AE0113   (   40.00,   -80.00,  -30.00)   (    232.00,   33328.00,  -30.00)   OUT
  0x01AE0114   (   40.00,   -80.00,  -30.00)   (    232.00,   33328.00,  -30.00)   OUT
  0x01AE0115   (   40.00,   -80.00,  -30.00)   (    232.00,   33328.00,  -30.00)   OUT
  0x01AE0116   (   40.00,   -80.00,  -30.00)   (    232.00,   33328.00,  -30.00)   OUT
  0x01AE0117   (   40.00,   -90.00,  -30.00)   (    232.00,   33318.00,  -30.00)   OUT
  0x01AE0118   (   40.00,   -90.00,  -30.00)   (    232.00,   33318.00,  -30.00)   OUT
  0x01AE0119   (   40.00,   -90.00,  -30.00)   (    232.00,   33318.00,  -30.00)   OUT
  0x01AE011A   (   40.00,   -90.00,  -30.00)   (    232.00,   33318.00,  -30.00)   OUT
  0x01AE011B   (   40.00,   -90.00,  -30.00)   (    232.00,   33318.00,  -30.00)   OUT
  0x01AE011C   (   40.00,  -100.00,  -30.00)   (    232.00,   33308.00,  -30.00)   OUT
  0x01AE011D   (   40.00,  -100.00,  -30.00)   (    232.00,   33308.00,  -30.00)   OUT
  0x01AE011E   (   40.00,  -100.00,  -30.00)   (    232.00,   33308.00,  -30.00)   OUT
  0x01AE011F   (   40.00,  -100.00,  -30.00)   (    232.00,   33308.00,  -30.00)   OUT
  0x01AE0120   (   50.00,   -90.00,  -30.00)   (    242.00,   33318.00,  -30.00)   OUT
  0x01AE0121   (   50.00,   -90.00,  -30.00)   (    242.00,   33318.00,  -30.00)   OUT
  0x01AE0122   (   50.00,   -90.00,  -30.00)   (    242.00,   33318.00,  -30.00)   OUT
  0x01AE0123   (   50.00,   -90.00,  -30.00)   (    242.00,   33318.00,  -30.00)   OUT
  0x01AE0124   (   50.00,   -90.00,  -30.00)   (    242.00,   33318.00,  -30.00)   OUT
  0x01AE0125   (   50.00,  -100.00,  -30.00)   (    242.00,   33308.00,  -30.00)   OUT
  0x01AE0126   (   50.00,  -100.00,  -30.00)   (    242.00,   33308.00,  -30.00)   OUT
  0x01AE0127   (   50.00,  -100.00,  -30.00)   (    242.00,   33308.00,  -30.00)   OUT
  0x01AE0128   (   60.00,   -90.00,  -30.00)   (    252.00,   33318.00,  -30.00)   OUT
  0x01AE0129   (   30.00,   -80.00,  -24.00)   (    222.00,   33328.00,  -24.00)   OUT
  0x01AE012A   (   30.00,   -80.00,  -24.00)   (    222.00,   33328.00,  -24.00)   OUT
  0x01AE012B   (   30.00,   -80.00,  -24.00)   (    222.00,   33328.00,  -24.00)   OUT
  0x01AE012C   (   30.00,   -90.00,  -24.00)   (    222.00,   33318.00,  -24.00)   OUT
  0x01AE012D   (   30.00,   -90.00,  -24.00)   (    222.00,   33318.00,  -24.00)   OUT
  0x01AE012E   (   30.00,   -90.00,  -24.00)   (    222.00,   33318.00,  -24.00)   OUT
  0x01AE012F   (   30.00,   -90.00,  -24.00)   (    222.00,   33318.00,  -24.00)   OUT
  0x01AE0130   (   30.00,   -90.00,  -24.00)   (    222.00,   33318.00,  -24.00)   OUT
  0x01AE0131   (   30.00,  -100.00,  -24.00)   (    222.00,   33308.00,  -24.00)   OUT
  0x01AE0132   (   30.00,  -100.00,  -24.00)   (    222.00,   33308.00,  -24.00)   OUT
  0x01AE0133   (   30.00,  -100.00,  -24.00)   (    222.00,   33308.00,  -24.00)   OUT
  0x01AE0134   (   30.00,  -100.00,  -24.00)   (    222.00,   33308.00,  -24.00)   OUT
  0x01AE0135   (   30.00,  -110.00,  -24.00)   (    222.00,   33298.00,  -24.00)   OUT
  0x01AE0136   (   30.00,  -110.00,  -24.00)   (    222.00,   33298.00,  -24.00)   OUT
  0x01AE0137   (   30.00,  -110.00,  -24.00)   (    222.00,   33298.00,  -24.00)   OUT
  0x01AE0138   (   30.00,  -110.00,  -24.00)   (    222.00,   33298.00,  -24.00)   OUT
  0x01AE0139   (   30.00,  -110.00,  -24.00)   (    222.00,   33298.00,  -24.00)   OUT
  0x01AE013A   (   30.00,  -120.00,  -24.00)   (    222.00,   33288.00,  -24.00)   OUT
  0x01AE013B   (   40.00,   -80.00,  -24.00)   (    232.00,   33328.00,  -24.00)   OUT
  0x01AE013C   (   40.00,   -80.00,  -24.00)   (    232.00,   33328.00,  -24.00)   OUT
  0x01AE013D   (   40.00,   -80.00,  -24.00)   (    232.00,   33328.00,  -24.00)   OUT
  0x01AE013E   (   40.00,  -100.00,  -24.00)   (    232.00,   33308.00,  -24.00)   OUT
  0x01AE013F   (   40.00,  -100.00,  -24.00)   (    232.00,   33308.00,  -24.00)   OUT
  0x01AE0140   (   40.00,  -100.00,  -24.00)   (    232.00,   33308.00,  -24.00)   OUT
  0x01AE0141   (   40.00,  -110.00,  -24.00)   (    232.00,   33298.00,  -24.00)   OUT
  0x01AE0142   (   40.00,  -120.00,  -24.00)   (    232.00,   33288.00,  -24.00)   OUT
  0x01AE0143   (   50.00,   -70.00,  -24.00)   (    242.00,   33338.00,  -24.00)   OUT
  0x01AE0144   (   50.00,   -80.00,  -24.00)   (    242.00,   33328.00,  -24.00)   OUT
  0x01AE0145   (   50.00,   -80.00,  -24.00)   (    242.00,   33328.00,  -24.00)   OUT
  0x01AE0146   (   50.00,   -90.00,  -24.00)   (    242.00,   33318.00,  -24.00)   OUT
  0x01AE0147   (   50.00,  -100.00,  -24.00)   (    242.00,   33308.00,  -24.00)   OUT
  0x01AE0148   (   50.00,  -100.00,  -24.00)   (    242.00,   33308.00,  -24.00)   OUT
  0x01AE0149   (   50.00,  -100.00,  -24.00)   (    242.00,   33308.00,  -24.00)   OUT
  0x01AE014A   (   50.00,  -110.00,  -24.00)   (    242.00,   33298.00,  -24.00)   OUT
  0x01AE014B   (   50.00,  -120.00,  -24.00)   (    242.00,   33288.00,  -24.00)   OUT
  0x01AE014C   (   50.00,  -120.00,  -24.00)   (    242.00,   33288.00,  -24.00)   OUT
  0x01AE014D   (   50.00,  -120.00,  -24.00)   (    242.00,   33288.00,  -24.00)   OUT
  0x01AE014E   (   50.00,  -120.00,  -24.00)   (    242.00,   33288.00,  -24.00)   OUT
  0x01AE014F   (   50.00,  -120.00,  -24.00)   (    242.00,   33288.00,  -24.00)   OUT
  0x01AE0150   (   50.00,  -130.00,  -24.00)   (    242.00,   33278.00,  -24.00)   OUT
  0x01AE0151   (   50.00,  -130.00,  -24.00)   (    242.00,   33278.00,  -24.00)   OUT
  0x01AE0152   (   50.00,  -130.00,  -24.00)   (    242.00,   33278.00,  -24.00)   OUT
  0x01AE0153   (   60.00,   -70.00,  -24.00)   (    252.00,   33338.00,  -24.00)   OUT
  0x01AE0154   (   60.00,   -80.00,  -24.00)   (    252.00,   33328.00,  -24.00)   OUT
  0x01AE0155   (   60.00,   -80.00,  -24.00)   (    252.00,   33328.00,  -24.00)   OUT
  0x01AE0156   (   60.00,  -100.00,  -24.00)   (    252.00,   33308.00,  -24.00)   OUT
  0x01AE0157   (   60.00,  -100.00,  -24.00)   (    252.00,   33308.00,  -24.00)   OUT
  0x01AE0158   (   60.00,  -100.00,  -24.00)   (    252.00,   33308.00,  -24.00)   OUT
  0x01AE0159   (   60.00,  -110.00,  -24.00)   (    252.00,   33298.00,  -24.00)   OUT
  0x01AE015A   (   60.00,  -120.00,  -24.00)   (    252.00,   33288.00,  -24.00)   OUT
  0x01AE015B   (   70.00,   -80.00,  -24.00)   (    262.00,   33328.00,  -24.00)   OUT
  0x01AE015C   (   70.00,   -80.00,  -24.00)   (    262.00,   33328.00,  -24.00)   OUT
  0x01AE015D   (   70.00,   -80.00,  -24.00)   (    262.00,   33328.00,  -24.00)   OUT
  0x01AE015E   (   70.00,   -90.00,  -24.00)   (    262.00,   33318.00,  -24.00)   OUT
  0x01AE015F   (   70.00,  -100.00,  -24.00)   (    262.00,   33308.00,  -24.00)   OUT
  0x01AE0160   (   70.00,  -110.00,  -24.00)   (    262.00,   33298.00,  -24.00)   OUT
  0x01AE0161   (   70.00,  -110.00,  -24.00)   (    262.00,   33298.00,  -24.00)   OUT
  0x01AE0162   (   70.00,  -110.00,  -24.00)   (    262.00,   33298.00,  -24.00)   OUT
  0x01AE0163   (   80.00,   -50.00,  -24.00)   (    272.00,   33358.00,  -24.00)   OUT
  0x01AE0164   (   80.00,   -80.00,  -24.00)   (    272.00,   33328.00,  -24.00)   OUT
  0x01AE0165   (   80.00,   -80.00,  -24.00)   (    272.00,   33328.00,  -24.00)   OUT
  0x01AE0166   (   80.00,   -80.00,  -24.00)   (    272.00,   33328.00,  -24.00)   OUT
  0x01AE0167   (   80.00,   -90.00,  -24.00)   (    272.00,   33318.00,  -24.00)   OUT
  0x01AE0168   (   80.00,   -90.00,  -24.00)   (    272.00,   33318.00,  -24.00)   OUT
  0x01AE0169   (   80.00,   -90.00,  -24.00)   (    272.00,   33318.00,  -24.00)   OUT
  0x01AE016A   (   80.00,   -90.00,  -24.00)   (    272.00,   33318.00,  -24.00)   OUT
  0x01AE016B   (   80.00,  -100.00,  -24.00)   (    272.00,   33308.00,  -24.00)   OUT
  0x01AE016C   (   80.00,  -100.00,  -24.00)   (    272.00,   33308.00,  -24.00)   OUT
  0x01AE016D   (   80.00,  -100.00,  -24.00)   (    272.00,   33308.00,  -24.00)   OUT
  0x01AE016E   (   80.00,  -110.00,  -24.00)   (    272.00,   33298.00,  -24.00)   OUT
  0x01AE016F   (   80.00,  -110.00,  -24.00)   (    272.00,   33298.00,  -24.00)   OUT
  0x01AE0170   (   80.00,  -110.00,  -24.00)   (    272.00,   33298.00,  -24.00)   OUT
  0x01AE0171   (   80.00,  -110.00,  -24.00)   (    272.00,   33298.00,  -24.00)   OUT
  0x01AE0172   (   80.00,  -110.00,  -24.00)   (    272.00,   33298.00,  -24.00)   OUT
  0x01AE0173   (   90.00,   -50.00,  -24.00)   (    282.00,   33358.00,  -24.00)   OUT
  0x01AE0174   (   90.00,   -50.00,  -24.00)   (    282.00,   33358.00,  -24.00)   OUT
  0x01AE0175   (   90.00,   -50.00,  -24.00)   (    282.00,   33358.00,  -24.00)   OUT
  0x01AE0176   (   90.00,   -50.00,  -24.00)   (    282.00,   33358.00,  -24.00)   OUT
  0x01AE0177   (   90.00,   -50.00,  -24.00)   (    282.00,   33358.00,  -24.00)   OUT
  0x01AE0178   (   90.00,   -70.00,  -24.00)   (    282.00,   33338.00,  -24.00)   OUT
  0x01AE0179   (   90.00,   -70.00,  -24.00)   (    282.00,   33338.00,  -24.00)   OUT
  0x01AE017A   (   90.00,   -70.00,  -24.00)   (    282.00,   33338.00,  -24.00)   OUT
  0x01AE017B   (   90.00,   -70.00,  -24.00)   (    282.00,   33338.00,  -24.00)   OUT
  0x01AE017C   (   90.00,   -80.00,  -24.00)   (    282.00,   33328.00,  -24.00)   OUT
  0x01AE017D   (   90.00,   -80.00,  -24.00)   (    282.00,   33328.00,  -24.00)   OUT
  0x01AE017E   (   90.00,   -80.00,  -24.00)   (    282.00,   33328.00,  -24.00)   OUT
  0x01AE017F   (   90.00,   -80.00,  -24.00)   (    282.00,   33328.00,  -24.00)   OUT
  0x01AE0180   (   90.00,   -80.00,  -24.00)   (    282.00,   33328.00,  -24.00)   OUT
  0x01AE0181   (   90.00,   -90.00,  -24.00)   (    282.00,   33318.00,  -24.00)   OUT
  0x01AE0182   (   90.00,  -100.00,  -24.00)   (    282.00,   33308.00,  -24.00)   OUT
  0x01AE0183   (   90.00,  -110.00,  -24.00)   (    282.00,   33298.00,  -24.00)   OUT
  0x01AE0184   (  100.00,   -50.00,  -24.00)   (    292.00,   33358.00,  -24.00)   OUT
  0x01AE0185   (  100.00,   -50.00,  -24.00)   (    292.00,   33358.00,  -24.00)   OUT
  0x01AE0186   (  100.00,   -50.00,  -24.00)   (    292.00,   33358.00,  -24.00)   OUT
  0x01AE0187   (  100.00,   -60.00,  -24.00)   (    292.00,   33348.00,  -24.00)   OUT
  0x01AE0188   (  100.00,   -70.00,  -24.00)   (    292.00,   33338.00,  -24.00)   OUT
  0x01AE0189   (  100.00,   -70.00,  -24.00)   (    292.00,   33338.00,  -24.00)   OUT
  0x01AE018A   (  100.00,   -70.00,  -24.00)   (    292.00,   33338.00,  -24.00)   OUT
  0x01AE018B   (  100.00,   -80.00,  -24.00)   (    292.00,   33328.00,  -24.00)   OUT
  0x01AE018C   (  100.00,   -90.00,  -24.00)   (    292.00,   33318.00,  -24.00)   OUT
  0x01AE018D   (  100.00,  -100.00,  -24.00)   (    292.00,   33308.00,  -24.00)   OUT
  0x01AE018E   (  100.00,  -100.00,  -24.00)   (    292.00,   33308.00,  -24.00)   OUT
  0x01AE018F   (  100.00,  -110.00,  -24.00)   (    292.00,   33298.00,  -24.00)   OUT
  0x01AE0190   (  110.00,   -80.00,  -24.00)   (    302.00,   33328.00,  -24.00)   OUT
  0x01AE0191   (  110.00,   -80.00,  -24.00)   (    302.00,   33328.00,  -24.00)   OUT
  0x01AE0192   (  110.00,   -80.00,  -24.00)   (    302.00,   33328.00,  -24.00)   OUT
  0x01AE0193   (  110.00,  -100.00,  -24.00)   (    302.00,   33308.00,  -24.00)   OUT
  0x01AE0194   (  110.00,  -110.00,  -24.00)   (    302.00,   33298.00,  -24.00)   OUT
  0x01AE0195   (   50.00,   -60.00,  -18.00)   (    242.00,   33348.00,  -18.00)   OUT
  0x01AE0196   (   50.00,   -70.00,  -18.00)   (    242.00,   33338.00,  -18.00)   OUT
  0x01AE0197   (   50.00,   -80.00,  -18.00)   (    242.00,   33328.00,  -18.00)   OUT
  0x01AE0198   (   50.00,  -120.00,  -18.00)   (    242.00,   33288.00,  -18.00)   OUT
  0x01AE0199   (   50.00,  -130.00,  -18.00)   (    242.00,   33278.00,  -18.00)   OUT
  0x01AE019A   (   50.00,  -140.00,  -18.00)   (    242.00,   33268.00,  -18.00)   OUT
  0x01AE019B   (   60.00,   -60.00,  -18.00)   (    252.00,   33348.00,  -18.00)   OUT
  0x01AE019C   (   60.00,   -70.00,  -18.00)   (    252.00,   33338.00,  -18.00)   OUT
  0x01AE019D   (   60.00,   -80.00,  -18.00)   (    252.00,   33328.00,  -18.00)   OUT
  0x01AE019E   (   60.00,  -120.00,  -18.00)   (    252.00,   33288.00,  -18.00)   OUT
  0x01AE019F   (   60.00,  -130.00,  -18.00)   (    252.00,   33278.00,  -18.00)   OUT
  0x01AE01A0   (   60.00,  -130.00,  -18.00)   (    252.00,   33278.00,  -18.00)   OUT
  0x01AE01A1   (   60.00,  -130.00,  -18.00)   (    252.00,   33278.00,  -18.00)   OUT
  0x01AE01A2   (   60.00,  -140.00,  -18.00)   (    252.00,   33268.00,  -18.00)   OUT
  0x01AE01A3   (   70.00,   -60.00,  -18.00)   (    262.00,   33348.00,  -18.00)   OUT
  0x01AE01A4   (   70.00,   -60.00,  -18.00)   (    262.00,   33348.00,  -18.00)   OUT
  0x01AE01A5   (   70.00,   -60.00,  -18.00)   (    262.00,   33348.00,  -18.00)   OUT
  0x01AE01A6   (   70.00,   -80.00,  -18.00)   (    262.00,   33328.00,  -18.00)   OUT
  0x01AE01A7   (   70.00,   -80.00,  -18.00)   (    262.00,   33328.00,  -18.00)   OUT
  0x01AE01A8   (   70.00,   -80.00,  -18.00)   (    262.00,   33328.00,  -18.00)   OUT
  0x01AE01A9   (   70.00,  -100.00,  -18.00)   (    262.00,   33308.00,  -18.00)   OUT
  0x01AE01AA   (   70.00,  -120.00,  -18.00)   (    262.00,   33288.00,  -18.00)   OUT
  0x01AE01AB   (   70.00,  -130.00,  -18.00)   (    262.00,   33278.00,  -18.00)   OUT
  0x01AE01AC   (   70.00,  -130.00,  -18.00)   (    262.00,   33278.00,  -18.00)   OUT
  0x01AE01AD   (   70.00,  -140.00,  -18.00)   (    262.00,   33268.00,  -18.00)   OUT
  0x01AE01AE   (   80.00,   -80.00,  -18.00)   (    272.00,   33328.00,  -18.00)   OUT
  0x01AE01AF   (   80.00,  -100.00,  -18.00)   (    272.00,   33308.00,  -18.00)   OUT
  0x01AE01B0   (   80.00,  -130.00,  -18.00)   (    272.00,   33278.00,  -18.00)   OUT
  0x01AE01B1   (   90.00,   -40.00,  -18.00)   (    282.00,   33368.00,  -18.00)   OUT
  0x01AE01B2   (   90.00,   -80.00,  -18.00)   (    282.00,   33328.00,  -18.00)   OUT
  0x01AE01B3   (   90.00,   -80.00,  -18.00)   (    282.00,   33328.00,  -18.00)   OUT
  0x01AE01B4   (   90.00,   -80.00,  -18.00)   (    282.00,   33328.00,  -18.00)   OUT
  0x01AE01B5   (   90.00,  -100.00,  -18.00)   (    282.00,   33308.00,  -18.00)   OUT
  0x01AE01B6   (   90.00,  -100.00,  -18.00)   (    282.00,   33308.00,  -18.00)   OUT
  0x01AE01B7   (   90.00,  -100.00,  -18.00)   (    282.00,   33308.00,  -18.00)   OUT
  0x01AE01B8   (   90.00,  -120.00,  -18.00)   (    282.00,   33288.00,  -18.00)   OUT
  0x01AE01B9   (   90.00,  -120.00,  -18.00)   (    282.00,   33288.00,  -18.00)   OUT
  0x01AE01BA   (   90.00,  -120.00,  -18.00)   (    282.00,   33288.00,  -18.00)   OUT
  0x01AE01BB   (   90.00,  -120.00,  -18.00)   (    282.00,   33288.00,  -18.00)   OUT
  0x01AE01BC   (   90.00,  -120.00,  -18.00)   (    282.00,   33288.00,  -18.00)   OUT
  0x01AE01BD   (   90.00,  -130.00,  -18.00)   (    282.00,   33278.00,  -18.00)   OUT
  0x01AE01BE   (   90.00,  -130.00,  -18.00)   (    282.00,   33278.00,  -18.00)   OUT
  0x01AE01BF   (   90.00,  -130.00,  -18.00)   (    282.00,   33278.00,  -18.00)   OUT
  0x01AE01C0   (  100.00,   -80.00,  -18.00)   (    292.00,   33328.00,  -18.00)   OUT
  0x01AE01C1   (  100.00,  -110.00,  -18.00)   (    292.00,   33298.00,  -18.00)   OUT
  0x01AE01C2   (  110.00,   -80.00,  -18.00)   (    302.00,   33328.00,  -18.00)   OUT
  0x01AE01C3   (  110.00,  -100.00,  -18.00)   (    302.00,   33308.00,  -18.00)   OUT
  0x01AE01C4   (  110.00,  -110.00,  -18.00)   (    302.00,   33298.00,  -18.00)   OUT
  0x01AE01C5   (   50.00,  -120.00,  -12.00)   (    242.00,   33288.00,  -12.00)   OUT
  0x01AE01C6   (   50.00,  -130.00,  -12.00)   (    242.00,   33278.00,  -12.00)   OUT
  0x01AE01C7   (   50.00,  -140.00,  -12.00)   (    242.00,   33268.00,  -12.00)   OUT
  0x01AE01C8   (   60.00,  -120.00,  -12.00)   (    252.00,   33288.00,  -12.00)   OUT
  0x01AE01C9   (   60.00,  -130.00,  -12.00)   (    252.00,   33278.00,  -12.00)   OUT
  0x01AE01CA   (   60.00,  -140.00,  -12.00)   (    252.00,   33268.00,  -12.00)   OUT
  0x01AE01CB   (   70.00,   -50.00,  -12.00)   (    262.00,   33358.00,  -12.00)   OUT
  0x01AE01CC   (   70.00,   -50.00,  -12.00)   (    262.00,   33358.00,  -12.00)   OUT
  0x01AE01CD   (   70.00,   -50.00,  -12.00)   (    262.00,   33358.00,  -12.00)   OUT
  0x01AE01CE   (   70.00,   -60.00,  -12.00)   (    262.00,   33348.00,  -12.00)   OUT
  0x01AE01CF   (   70.00,   -60.00,  -12.00)   (    262.00,   33348.00,  -12.00)   OUT
  0x01AE01D0   (   70.00,   -60.00,  -12.00)   (    262.00,   33348.00,  -12.00)   OUT
  0x01AE01D1   (   70.00,   -70.00,  -12.00)   (    262.00,   33338.00,  -12.00)   OUT
  0x01AE01D2   (   70.00,   -70.00,  -12.00)   (    262.00,   33338.00,  -12.00)   OUT
  0x01AE01D3   (   70.00,   -70.00,  -12.00)   (    262.00,   33338.00,  -12.00)   OUT
  0x01AE01D4   (   70.00,   -90.00,  -12.00)   (    262.00,   33318.00,  -12.00)   OUT
  0x01AE01D5   (   70.00,   -90.00,  -12.00)   (    262.00,   33318.00,  -12.00)   OUT
  0x01AE01D6   (   70.00,   -90.00,  -12.00)   (    262.00,   33318.00,  -12.00)   OUT
  0x01AE01D7   (   70.00,  -120.00,  -12.00)   (    262.00,   33288.00,  -12.00)   OUT
  0x01AE01D8   (   70.00,  -130.00,  -12.00)   (    262.00,   33278.00,  -12.00)   OUT
  0x01AE01D9   (   70.00,  -140.00,  -12.00)   (    262.00,   33268.00,  -12.00)   OUT
  0x01AE01DA   (   80.00,   -60.00,  -12.00)   (    272.00,   33348.00,  -12.00)   OUT
  0x01AE01DB   (   80.00,   -60.00,  -12.00)   (    272.00,   33348.00,  -12.00)   OUT
  0x01AE01DC   (   80.00,   -70.00,  -12.00)   (    272.00,   33338.00,  -12.00)   OUT
  0x01AE01DD   (   80.00,   -70.00,  -12.00)   (    272.00,   33338.00,  -12.00)   OUT
  0x01AE01DE   (   80.00,   -70.00,  -12.00)   (    272.00,   33338.00,  -12.00)   OUT
  0x01AE01DF   (   80.00,   -80.00,  -12.00)   (    272.00,   33328.00,  -12.00)   OUT
  0x01AE01E0   (   80.00,   -90.00,  -12.00)   (    272.00,   33318.00,  -12.00)   OUT
  0x01AE01E1   (   80.00,   -90.00,  -12.00)   (    272.00,   33318.00,  -12.00)   OUT
  0x01AE01E2   (   80.00,   -90.00,  -12.00)   (    272.00,   33318.00,  -12.00)   OUT
  0x01AE01E3   (   80.00,  -100.00,  -12.00)   (    272.00,   33308.00,  -12.00)   OUT
  0x01AE01E4   (   80.00,  -100.00,  -12.00)   (    272.00,   33308.00,  -12.00)   OUT
  0x01AE01E5   (   80.00,  -100.00,  -12.00)   (    272.00,   33308.00,  -12.00)   OUT
  0x01AE01E6   (   90.00,   -20.00,  -12.00)   (    282.00,   33388.00,  -12.00)   OUT
  0x01AE01E7   (   90.00,   -20.00,  -12.00)   (    282.00,   33388.00,  -12.00)   OUT
  0x01AE01E8   (   90.00,   -20.00,  -12.00)   (    282.00,   33388.00,  -12.00)   OUT
  0x01AE01E9   (   90.00,   -30.00,  -12.00)   (    282.00,   33378.00,  -12.00)   OUT
  0x01AE01EA   (   90.00,   -50.00,  -12.00)   (    282.00,   33358.00,  -12.00)   OUT
  0x01AE01EB   (   90.00,   -50.00,  -12.00)   (    282.00,   33358.00,  -12.00)   OUT
  0x01AE01EC   (   90.00,   -50.00,  -12.00)   (    282.00,   33358.00,  -12.00)   OUT
  0x01AE01ED   (   90.00,   -50.00,  -12.00)   (    282.00,   33358.00,  -12.00)   OUT
  0x01AE01EE   (   90.00,   -60.00,  -12.00)   (    282.00,   33348.00,  -12.00)   OUT
  0x01AE01EF   (   90.00,   -60.00,  -12.00)   (    282.00,   33348.00,  -12.00)   OUT
  0x01AE01F0   (   90.00,   -60.00,  -12.00)   (    282.00,   33348.00,  -12.00)   OUT
  0x01AE01F1   (   90.00,   -70.00,  -12.00)   (    282.00,   33338.00,  -12.00)   OUT
  0x01AE01F2   (   90.00,   -70.00,  -12.00)   (    282.00,   33338.00,  -12.00)   OUT
  0x01AE01F3   (   90.00,   -70.00,  -12.00)   (    282.00,   33338.00,  -12.00)   OUT
  0x01AE01F4   (   90.00,   -90.00,  -12.00)   (    282.00,   33318.00,  -12.00)   OUT
  0x01AE01F5   (   90.00,   -90.00,  -12.00)   (    282.00,   33318.00,  -12.00)   OUT
  0x01AE01F6   (   90.00,   -90.00,  -12.00)   (    282.00,   33318.00,  -12.00)   OUT
  0x01AE01F7   (   90.00,  -100.00,  -12.00)   (    282.00,   33308.00,  -12.00)   OUT
  0x01AE01F8   (   90.00,  -100.00,  -12.00)   (    282.00,   33308.00,  -12.00)   OUT
  0x01AE01F9   (   90.00,  -110.00,  -12.00)   (    282.00,   33298.00,  -12.00)   OUT
  0x01AE01FA   (  100.00,   -20.00,  -12.00)   (    292.00,   33388.00,  -12.00)   OUT
  0x01AE01FB   (  100.00,   -20.00,  -12.00)   (    292.00,   33388.00,  -12.00)   OUT
  0x01AE01FC   (  100.00,   -20.00,  -12.00)   (    292.00,   33388.00,  -12.00)   OUT
  0x01AE01FD   (  100.00,   -20.00,  -12.00)   (    292.00,   33388.00,  -12.00)   OUT
  0x01AE01FE   (  100.00,   -30.00,  -12.00)   (    292.00,   33378.00,  -12.00)   OUT
  0x01AE01FF   (  100.00,   -30.00,  -12.00)   (    292.00,   33378.00,  -12.00)   OUT
  0x01AE0200   (  100.00,   -30.00,  -12.00)   (    292.00,   33378.00,  -12.00)   OUT
  0x01AE0201   (  100.00,   -40.00,  -12.00)   (    292.00,   33368.00,  -12.00)   OUT
  0x01AE0202   (  100.00,   -50.00,  -12.00)   (    292.00,   33358.00,  -12.00)   OUT
  0x01AE0203   (  100.00,   -50.00,  -12.00)   (    292.00,   33358.00,  -12.00)   OUT
  0x01AE0204   (  100.00,   -50.00,  -12.00)   (    292.00,   33358.00,  -12.00)   OUT
  0x01AE0205   (  110.00,   -20.00,  -12.00)   (    302.00,   33388.00,  -12.00)   OUT
  0x01AE0206   (  110.00,   -30.00,  -12.00)   (    302.00,   33378.00,  -12.00)   OUT
  0x01AE0207   (  110.00,   -30.00,  -12.00)   (    302.00,   33378.00,  -12.00)   OUT
  0x01AE0208   (  110.00,   -30.00,  -12.00)   (    302.00,   33378.00,  -12.00)   OUT
  0x01AE0209   (  110.00,   -30.00,  -12.00)   (    302.00,   33378.00,  -12.00)   OUT
  0x01AE020A   (  110.00,   -30.00,  -12.00)   (    302.00,   33378.00,  -12.00)   OUT
  0x01AE020B   (  110.00,   -40.00,  -12.00)   (    302.00,   33368.00,  -12.00)   OUT
  0x01AE020C   (  110.00,   -40.00,  -12.00)   (    302.00,   33368.00,  -12.00)   OUT
  0x01AE020D   (  110.00,   -40.00,  -12.00)   (    302.00,   33368.00,  -12.00)   OUT
  0x01AE020E   (  110.00,   -50.00,  -12.00)   (    302.00,   33358.00,  -12.00)   OUT
  0x01AE020F   (  110.00,   -50.00,  -12.00)   (    302.00,   33358.00,  -12.00)   OUT
  0x01AE0210   (  110.00,   -50.00,  -12.00)   (    302.00,   33358.00,  -12.00)   OUT
  0x01AE0211   (  110.00,   -50.00,  -12.00)   (    302.00,   33358.00,  -12.00)   OUT
  0x01AE0212   (  110.00,   -50.00,  -12.00)   (    302.00,   33358.00,  -12.00)   OUT
  0x01AE0213   (  110.00,   -60.00,  -12.00)   (    302.00,   33348.00,  -12.00)   OUT
  0x01AE0214   (  110.00,   -60.00,  -12.00)   (    302.00,   33348.00,  -12.00)   OUT
  0x01AE0215   (  110.00,   -60.00,  -12.00)   (    302.00,   33348.00,  -12.00)   OUT
  0x01AE0216   (  110.00,   -90.00,  -12.00)   (    302.00,   33318.00,  -12.00)   OUT
  0x01AE0217   (  110.00,  -100.00,  -12.00)   (    302.00,   33308.00,  -12.00)   OUT
  0x01AE0218   (  120.00,   -20.00,  -12.00)   (    312.00,   33388.00,  -12.00)   OUT
  0x01AE0219   (  120.00,   -30.00,  -12.00)   (    312.00,   33378.00,  -12.00)   OUT
  0x01AE021A   (  120.00,   -30.00,  -12.00)   (    312.00,   33378.00,  -12.00)   OUT
  0x01AE021B   (  120.00,   -30.00,  -12.00)   (    312.00,   33378.00,  -12.00)   OUT
  0x01AE021C   (  120.00,   -40.00,  -12.00)   (    312.00,   33368.00,  -12.00)   OUT
  0x01AE021D   (  120.00,   -40.00,  -12.00)   (    312.00,   33368.00,  -12.00)   OUT
  0x01AE021E   (  120.00,   -40.00,  -12.00)   (    312.00,   33368.00,  -12.00)   OUT
  0x01AE021F   (  120.00,   -40.00,  -12.00)   (    312.00,   33368.00,  -12.00)   OUT
  0x01AE0220   (  120.00,   -40.00,  -12.00)   (    312.00,   33368.00,  -12.00)   OUT
  0x01AE0221   (  120.00,   -50.00,  -12.00)   (    312.00,   33358.00,  -12.00)   OUT
  0x01AE0222   (  120.00,   -50.00,  -12.00)   (    312.00,   33358.00,  -12.00)   OUT
  0x01AE0223   (  120.00,   -50.00,  -12.00)   (    312.00,   33358.00,  -12.00)   OUT
  0x01AE0224   (  120.00,   -90.00,  -12.00)   (    312.00,   33318.00,  -12.00)   OUT
  0x01AE0225   (  120.00,  -100.00,  -12.00)   (    312.00,   33308.00,  -12.00)   OUT
  0x01AE0226   (  120.00,  -100.00,  -12.00)   (    312.00,   33308.00,  -12.00)   OUT
  0x01AE0227   (  130.00,     0.00,  -12.00)   (    322.00,   33408.00,  -12.00)   IN
  0x01AE0228   (  130.00,   -10.00,  -12.00)   (    322.00,   33398.00,  -12.00)   OUT
  0x01AE0229   (  130.00,   -20.00,  -12.00)   (    322.00,   33388.00,  -12.00)   OUT
  0x01AE022A   (  130.00,   -40.00,  -12.00)   (    322.00,   33368.00,  -12.00)   OUT
  0x01AE022B   (  130.00,   -50.00,  -12.00)   (    322.00,   33358.00,  -12.00)   OUT
  0x01AE022C   (  130.00,   -70.00,  -12.00)   (    322.00,   33338.00,  -12.00)   OUT
  0x01AE022D   (  130.00,   -80.00,  -12.00)   (    322.00,   33328.00,  -12.00)   OUT
  0x01AE022E   (  130.00,  -100.00,  -12.00)   (    322.00,   33308.00,  -12.00)   OUT
  0x01AE022F   (  130.00,  -100.00,  -12.00)   (    322.00,   33308.00,  -12.00)   OUT
  0x01AE0230   (  130.00,  -100.00,  -12.00)   (    322.00,   33308.00,  -12.00)   OUT
  0x01AE0231   (  130.00,  -100.00,  -12.00)   (    322.00,   33308.00,  -12.00)   OUT
  0x01AE0232   (  130.00,  -100.00,  -12.00)   (    322.00,   33308.00,  -12.00)   OUT
  0x01AE0233   (  140.00,     0.00,  -12.00)   (    332.00,   33408.00,  -12.00)   IN
  0x01AE0234   (  140.00,     0.00,  -12.00)   (    332.00,   33408.00,  -12.00)   IN
  0x01AE0235   (  140.00,     0.00,  -12.00)   (    332.00,   33408.00,  -12.00)   IN
  0x01AE0236   (  140.00,   -10.00,  -12.00)   (    332.00,   33398.00,  -12.00)   OUT
  0x01AE0237   (  140.00,   -20.00,  -12.00)   (    332.00,   33388.00,  -12.00)   OUT
  0x01AE0238   (  140.00,   -30.00,  -12.00)   (    332.00,   33378.00,  -12.00)   OUT
  0x01AE0239   (  140.00,   -30.00,  -12.00)   (    332.00,   33378.00,  -12.00)   OUT
  0x01AE023A   (  140.00,   -30.00,  -12.00)   (    332.00,   33378.00,  -12.00)   OUT
  0x01AE023B   (  140.00,   -30.00,  -12.00)   (    332.00,   33378.00,  -12.00)   OUT
  0x01AE023C   (  140.00,   -30.00,  -12.00)   (    332.00,   33378.00,  -12.00)   OUT
  0x01AE023D   (  140.00,   -40.00,  -12.00)   (    332.00,   33368.00,  -12.00)   OUT
  0x01AE023E   (  140.00,   -40.00,  -12.00)   (    332.00,   33368.00,  -12.00)   OUT
  0x01AE023F   (  140.00,   -40.00,  -12.00)   (    332.00,   33368.00,  -12.00)   OUT
  0x01AE0240   (  140.00,   -40.00,  -12.00)   (    332.00,   33368.00,  -12.00)   OUT
  0x01AE0241   (  140.00,   -50.00,  -12.00)   (    332.00,   33358.00,  -12.00)   OUT
  0x01AE0242   (  140.00,   -50.00,  -12.00)   (    332.00,   33358.00,  -12.00)   OUT
  0x01AE0243   (  140.00,   -50.00,  -12.00)   (    332.00,   33358.00,  -12.00)   OUT
  0x01AE0244   (  140.00,   -50.00,  -12.00)   (    332.00,   33358.00,  -12.00)   OUT
  0x01AE0245   (  140.00,   -60.00,  -12.00)   (    332.00,   33348.00,  -12.00)   OUT
  0x01AE0246   (  140.00,   -70.00,  -12.00)   (    332.00,   33338.00,  -12.00)   OUT
  0x01AE0247   (  140.00,   -70.00,  -12.00)   (    332.00,   33338.00,  -12.00)   OUT
  0x01AE0248   (  140.00,   -80.00,  -12.00)   (    332.00,   33328.00,  -12.00)   OUT
  0x01AE0249   (  140.00,   -80.00,  -12.00)   (    332.00,   33328.00,  -12.00)   OUT
  0x01AE024A   (  140.00,   -90.00,  -12.00)   (    332.00,   33318.00,  -12.00)   OUT
  0x01AE024B   (  140.00,   -90.00,  -12.00)   (    332.00,   33318.00,  -12.00)   OUT
  0x01AE024C   (  140.00,   -90.00,  -12.00)   (    332.00,   33318.00,  -12.00)   OUT
  0x01AE024D   (  140.00,   -90.00,  -12.00)   (    332.00,   33318.00,  -12.00)   OUT
  0x01AE024E   (  140.00,   -90.00,  -12.00)   (    332.00,   33318.00,  -12.00)   OUT
  0x01AE024F   (  140.00,  -100.00,  -12.00)   (    332.00,   33308.00,  -12.00)   OUT
  0x01AE0250   (  150.00,     0.00,  -12.00)   (    342.00,   33408.00,  -12.00)   IN
  0x01AE0251   (  150.00,   -10.00,  -12.00)   (    342.00,   33398.00,  -12.00)   OUT
  0x01AE0252   (  150.00,   -20.00,  -12.00)   (    342.00,   33388.00,  -12.00)   OUT
  0x01AE0253   (  150.00,   -40.00,  -12.00)   (    342.00,   33368.00,  -12.00)   OUT
  0x01AE0254   (  150.00,   -50.00,  -12.00)   (    342.00,   33358.00,  -12.00)   OUT
  0x01AE0255   (  150.00,   -50.00,  -12.00)   (    342.00,   33358.00,  -12.00)   OUT
  0x01AE0256   (  150.00,   -50.00,  -12.00)   (    342.00,   33358.00,  -12.00)   OUT
  0x01AE0257   (  150.00,   -50.00,  -12.00)   (    342.00,   33358.00,  -12.00)   OUT
  0x01AE0258   (  160.00,   -30.00,  -12.00)   (    352.00,   33378.00,  -12.00)   OUT
  0x01AE0259   (  160.00,   -30.00,  -12.00)   (    352.00,   33378.00,  -12.00)   OUT
  0x01AE025A   (  160.00,   -30.00,  -12.00)   (    352.00,   33378.00,  -12.00)   OUT
  0x01AE025B   (  160.00,   -40.00,  -12.00)   (    352.00,   33368.00,  -12.00)   OUT
  0x01AE025C   (  160.00,   -40.00,  -12.00)   (    352.00,   33368.00,  -12.00)   OUT
  0x01AE025D   (  160.00,   -40.00,  -12.00)   (    352.00,   33368.00,  -12.00)   OUT
  0x01AE025E   (  160.00,   -40.00,  -12.00)   (    352.00,   33368.00,  -12.00)   OUT
  0x01AE025F   (  160.00,   -40.00,  -12.00)   (    352.00,   33368.00,  -12.00)   OUT
  0x01AE0260   (  160.00,   -50.00,  -12.00)   (    352.00,   33358.00,  -12.00)   OUT
  0x01AE0261   (  160.00,   -50.00,  -12.00)   (    352.00,   33358.00,  -12.00)   OUT
  0x01AE0262   (  160.00,   -50.00,  -12.00)   (    352.00,   33358.00,  -12.00)   OUT
  0x01AE0263   (  170.00,   -30.00,  -12.00)   (    362.00,   33378.00,  -12.00)   OUT
  0x01AE0264   (  170.00,   -30.00,  -12.00)   (    362.00,   33378.00,  -12.00)   OUT
  0x01AE0265   (  170.00,   -30.00,  -12.00)   (    362.00,   33378.00,  -12.00)   OUT
  0x01AE0266   (  170.00,   -30.00,  -12.00)   (    362.00,   33378.00,  -12.00)   OUT
  0x01AE0267   (  170.00,   -30.00,  -12.00)   (    362.00,   33378.00,  -12.00)   OUT
  0x01AE0268   (  170.00,   -40.00,  -12.00)   (    362.00,   33368.00,  -12.00)   OUT
  0x01AE0269   (  170.00,   -40.00,  -12.00)   (    362.00,   33368.00,  -12.00)   OUT
  0x01AE026A   (  170.00,   -40.00,  -12.00)   (    362.00,   33368.00,  -12.00)   OUT
  0x01AE026B   (  170.00,   -50.00,  -12.00)   (    362.00,   33358.00,  -12.00)   OUT
  0x01AE026C   (  170.00,   -50.00,  -12.00)   (    362.00,   33358.00,  -12.00)   OUT
  0x01AE026D   (  170.00,   -50.00,  -12.00)   (    362.00,   33358.00,  -12.00)   OUT
  0x01AE026E   (  170.00,   -50.00,  -12.00)   (    362.00,   33358.00,  -12.00)   OUT
  0x01AE026F   (  170.00,   -50.00,  -12.00)   (    362.00,   33358.00,  -12.00)   OUT
  0x01AE0270   (  170.00,   -60.00,  -12.00)   (    362.00,   33348.00,  -12.00)   OUT
  0x01AE0271   (  170.00,   -60.00,  -12.00)   (    362.00,   33348.00,  -12.00)   OUT
  0x01AE0272   (  170.00,   -60.00,  -12.00)   (    362.00,   33348.00,  -12.00)   OUT
  0x01AE0273   (  180.00,   -30.00,  -12.00)   (    372.00,   33378.00,  -12.00)   OUT
  0x01AE0274   (  180.00,   -30.00,  -12.00)   (    372.00,   33378.00,  -12.00)   OUT
  0x01AE0275   (  180.00,   -30.00,  -12.00)   (    372.00,   33378.00,  -12.00)   OUT
  0x01AE0276   (   40.00,   -70.00,   -6.00)   (    232.00,   33338.00,   -6.00)   OUT
  0x01AE0277   (   40.00,   -80.00,   -6.00)   (    232.00,   33328.00,   -6.00)   OUT
  0x01AE0278   (   40.00,   -80.00,   -6.00)   (    232.00,   33328.00,   -6.00)   OUT
  0x01AE0279   (   40.00,   -90.00,   -6.00)   (    232.00,   33318.00,   -6.00)   OUT
  0x01AE027A   (   40.00,  -100.00,   -6.00)   (    232.00,   33308.00,   -6.00)   OUT
  0x01AE027B   (   40.00,  -100.00,   -6.00)   (    232.00,   33308.00,   -6.00)   OUT
  0x01AE027C   (   40.00,  -100.00,   -6.00)   (    232.00,   33308.00,   -6.00)   OUT
  0x01AE027D   (   50.00,   -50.00,   -6.00)   (    242.00,   33358.00,   -6.00)   OUT
  0x01AE027E   (   50.00,   -70.00,   -6.00)   (    242.00,   33338.00,   -6.00)   OUT
  0x01AE027F   (   50.00,   -70.00,   -6.00)   (    242.00,   33338.00,   -6.00)   OUT
  0x01AE0280   (   50.00,   -70.00,   -6.00)   (    242.00,   33338.00,   -6.00)   OUT
  0x01AE0281   (   50.00,   -80.00,   -6.00)   (    242.00,   33328.00,   -6.00)   OUT
  0x01AE0282   (   50.00,   -80.00,   -6.00)   (    242.00,   33328.00,   -6.00)   OUT
  0x01AE0283   (   50.00,   -80.00,   -6.00)   (    242.00,   33328.00,   -6.00)   OUT
  0x01AE0284   (   50.00,   -90.00,   -6.00)   (    242.00,   33318.00,   -6.00)   OUT
  0x01AE0285   (   50.00,   -90.00,   -6.00)   (    242.00,   33318.00,   -6.00)   OUT
  0x01AE0286   (   50.00,   -90.00,   -6.00)   (    242.00,   33318.00,   -6.00)   OUT
  0x01AE0287   (   50.00,  -100.00,   -6.00)   (    242.00,   33308.00,   -6.00)   OUT
  0x01AE0288   (   60.00,   -40.00,   -6.00)   (    252.00,   33368.00,   -6.00)   OUT
  0x01AE0289   (   60.00,   -50.00,   -6.00)   (    252.00,   33358.00,   -6.00)   OUT
  0x01AE028A   (   60.00,   -50.00,   -6.00)   (    252.00,   33358.00,   -6.00)   OUT
  0x01AE028B   (   60.00,   -60.00,   -6.00)   (    252.00,   33348.00,   -6.00)   OUT
  0x01AE028C   (   60.00,   -70.00,   -6.00)   (    252.00,   33338.00,   -6.00)   OUT
  0x01AE028D   (   60.00,   -70.00,   -6.00)   (    252.00,   33338.00,   -6.00)   OUT
  0x01AE028E   (   60.00,   -90.00,   -6.00)   (    252.00,   33318.00,   -6.00)   OUT
  0x01AE028F   (   60.00,   -90.00,   -6.00)   (    252.00,   33318.00,   -6.00)   OUT
  0x01AE0290   (   60.00,   -90.00,   -6.00)   (    252.00,   33318.00,   -6.00)   OUT
  0x01AE0291   (   60.00,   -90.00,   -6.00)   (    252.00,   33318.00,   -6.00)   OUT
  0x01AE0292   (   60.00,  -100.00,   -6.00)   (    252.00,   33308.00,   -6.00)   OUT
  0x01AE0293   (   60.00,  -100.00,   -6.00)   (    252.00,   33308.00,   -6.00)   OUT
  0x01AE0294   (   60.00,  -100.00,   -6.00)   (    252.00,   33308.00,   -6.00)   OUT
  0x01AE0295   (   60.00,  -110.00,   -6.00)   (    252.00,   33298.00,   -6.00)   OUT
  0x01AE0296   (   60.00,  -110.00,   -6.00)   (    252.00,   33298.00,   -6.00)   OUT
  0x01AE0297   (   60.00,  -110.00,   -6.00)   (    252.00,   33298.00,   -6.00)   OUT
  0x01AE0298   (   70.00,   -40.00,   -6.00)   (    262.00,   33368.00,   -6.00)   OUT
  0x01AE0299   (   70.00,   -50.00,   -6.00)   (    262.00,   33358.00,   -6.00)   OUT
  0x01AE029A   (   70.00,   -50.00,   -6.00)   (    262.00,   33358.00,   -6.00)   OUT
  0x01AE029B   (   70.00,   -50.00,   -6.00)   (    262.00,   33358.00,   -6.00)   OUT
  0x01AE029C   (   70.00,   -60.00,   -6.00)   (    262.00,   33348.00,   -6.00)   OUT
  0x01AE029D   (   70.00,   -60.00,   -6.00)   (    262.00,   33348.00,   -6.00)   OUT
  0x01AE029E   (   70.00,   -70.00,   -6.00)   (    262.00,   33338.00,   -6.00)   OUT
  0x01AE029F   (   70.00,   -70.00,   -6.00)   (    262.00,   33338.00,   -6.00)   OUT
  0x01AE02A0   (   70.00,   -80.00,   -6.00)   (    262.00,   33328.00,   -6.00)   OUT
  0x01AE02A1   (   70.00,   -80.00,   -6.00)   (    262.00,   33328.00,   -6.00)   OUT
  0x01AE02A2   (   70.00,   -80.00,   -6.00)   (    262.00,   33328.00,   -6.00)   OUT
  0x01AE02A3   (   70.00,   -90.00,   -6.00)   (    262.00,   33318.00,   -6.00)   OUT
  0x01AE02A4   (   70.00,   -90.00,   -6.00)   (    262.00,   33318.00,   -6.00)   OUT
  0x01AE02A5   (   70.00,   -90.00,   -6.00)   (    262.00,   33318.00,   -6.00)   OUT
  0x01AE02A6   (   70.00,  -100.00,   -6.00)   (    262.00,   33308.00,   -6.00)   OUT
  0x01AE02A7   (   70.00,  -100.00,   -6.00)   (    262.00,   33308.00,   -6.00)   OUT
  0x01AE02A8   (   70.00,  -110.00,   -6.00)   (    262.00,   33298.00,   -6.00)   OUT
  0x01AE02A9   (   70.00,  -110.00,   -6.00)   (    262.00,   33298.00,   -6.00)   OUT
  0x01AE02AA   (   70.00,  -110.00,   -6.00)   (    262.00,   33298.00,   -6.00)   OUT
  0x01AE02AB   (   80.00,   -30.00,   -6.00)   (    272.00,   33378.00,   -6.00)   OUT
  0x01AE02AC   (   80.00,   -40.00,   -6.00)   (    272.00,   33368.00,   -6.00)   OUT
  0x01AE02AD   (   80.00,   -40.00,   -6.00)   (    272.00,   33368.00,   -6.00)   OUT
  0x01AE02AE   (   80.00,   -60.00,   -6.00)   (    272.00,   33348.00,   -6.00)   OUT
  0x01AE02AF   (   80.00,   -60.00,   -6.00)   (    272.00,   33348.00,   -6.00)   OUT
  0x01AE02B0   (   80.00,   -60.00,   -6.00)   (    272.00,   33348.00,   -6.00)   OUT
  0x01AE02B1   (   80.00,   -70.00,   -6.00)   (    272.00,   33338.00,   -6.00)   OUT
  0x01AE02B2   (   80.00,   -70.00,   -6.00)   (    272.00,   33338.00,   -6.00)   OUT
  0x01AE02B3   (   80.00,   -70.00,   -6.00)   (    272.00,   33338.00,   -6.00)   OUT
  0x01AE02B4   (   80.00,   -70.00,   -6.00)   (    272.00,   33338.00,   -6.00)   OUT
  0x01AE02B5   (   80.00,   -80.00,   -6.00)   (    272.00,   33328.00,   -6.00)   OUT
  0x01AE02B6   (   80.00,   -80.00,   -6.00)   (    272.00,   33328.00,   -6.00)   OUT
  0x01AE02B7   (   80.00,   -80.00,   -6.00)   (    272.00,   33328.00,   -6.00)   OUT
  0x01AE02B8   (   80.00,   -80.00,   -6.00)   (    272.00,   33328.00,   -6.00)   OUT
  0x01AE02B9   (   80.00,   -90.00,   -6.00)   (    272.00,   33318.00,   -6.00)   OUT
  0x01AE02BA   (   80.00,  -100.00,   -6.00)   (    272.00,   33308.00,   -6.00)   OUT
  0x01AE02BB   (   80.00,  -100.00,   -6.00)   (    272.00,   33308.00,   -6.00)   OUT
  0x01AE02BC   (   80.00,  -100.00,   -6.00)   (    272.00,   33308.00,   -6.00)   OUT
  0x01AE02BD   (   80.00,  -100.00,   -6.00)   (    272.00,   33308.00,   -6.00)   OUT
  0x01AE02BE   (   80.00,  -100.00,   -6.00)   (    272.00,   33308.00,   -6.00)   OUT
  0x01AE02BF   (   90.00,   -40.00,   -6.00)   (    282.00,   33368.00,   -6.00)   OUT
  0x01AE02C0   (   90.00,   -40.00,   -6.00)   (    282.00,   33368.00,   -6.00)   OUT
  0x01AE02C1   (   90.00,   -40.00,   -6.00)   (    282.00,   33368.00,   -6.00)   OUT
  0x01AE02C2   (   90.00,   -50.00,   -6.00)   (    282.00,   33358.00,   -6.00)   OUT
  0x01AE02C3   (   90.00,   -50.00,   -6.00)   (    282.00,   33358.00,   -6.00)   OUT
  0x01AE02C4   (   90.00,   -50.00,   -6.00)   (    282.00,   33358.00,   -6.00)   OUT
  0x01AE02C5   (   90.00,   -60.00,   -6.00)   (    282.00,   33348.00,   -6.00)   OUT
  0x01AE02C6   (   90.00,   -70.00,   -6.00)   (    282.00,   33338.00,   -6.00)   OUT
  0x01AE02C7   (   90.00,   -70.00,   -6.00)   (    282.00,   33338.00,   -6.00)   OUT
  0x01AE02C8   (   90.00,   -70.00,   -6.00)   (    282.00,   33338.00,   -6.00)   OUT
  0x01AE02C9   (   90.00,   -80.00,   -6.00)   (    282.00,   33328.00,   -6.00)   OUT
  0x01AE02CA   (   90.00,   -80.00,   -6.00)   (    282.00,   33328.00,   -6.00)   OUT
  0x01AE02CB   (   90.00,   -80.00,   -6.00)   (    282.00,   33328.00,   -6.00)   OUT
  0x01AE02CC   (   90.00,   -90.00,   -6.00)   (    282.00,   33318.00,   -6.00)   OUT
  0x01AE02CD   (   90.00,   -90.00,   -6.00)   (    282.00,   33318.00,   -6.00)   OUT
  0x01AE02CE   (   90.00,   -90.00,   -6.00)   (    282.00,   33318.00,   -6.00)   OUT
  0x01AE02CF   (   90.00,   -90.00,   -6.00)   (    282.00,   33318.00,   -6.00)   OUT
  0x01AE02D0   (   90.00,  -100.00,   -6.00)   (    282.00,   33308.00,   -6.00)   OUT
  0x01AE02D1   (  100.00,   -50.00,   -6.00)   (    292.00,   33358.00,   -6.00)   OUT
  0x01AE02D2   (  100.00,   -50.00,   -6.00)   (    292.00,   33358.00,   -6.00)   OUT
  0x01AE02D3   (  100.00,   -50.00,   -6.00)   (    292.00,   33358.00,   -6.00)   OUT
  0x01AE02D4   (  100.00,   -60.00,   -6.00)   (    292.00,   33348.00,   -6.00)   OUT
  0x01AE02D5   (  100.00,   -70.00,   -6.00)   (    292.00,   33338.00,   -6.00)   OUT
  0x01AE02D6   (  100.00,   -70.00,   -6.00)   (    292.00,   33338.00,   -6.00)   OUT
  0x01AE02D7   (  100.00,   -70.00,   -6.00)   (    292.00,   33338.00,   -6.00)   OUT
  0x01AE02D8   (  100.00,   -80.00,   -6.00)   (    292.00,   33328.00,   -6.00)   OUT
  0x01AE02D9   (  100.00,   -90.00,   -6.00)   (    292.00,   33318.00,   -6.00)   OUT
  0x01AE02DA   (  100.00,  -100.00,   -6.00)   (    292.00,   33308.00,   -6.00)   OUT
  0x01AE02DB   (  100.00,  -100.00,   -6.00)   (    292.00,   33308.00,   -6.00)   OUT
  0x01AE02DC   (  100.00,  -100.00,   -6.00)   (    292.00,   33308.00,   -6.00)   OUT
  0x01AE02DD   (  110.00,   -50.00,   -6.00)   (    302.00,   33358.00,   -6.00)   OUT
  0x01AE02DE   (  110.00,   -50.00,   -6.00)   (    302.00,   33358.00,   -6.00)   OUT
  0x01AE02DF   (  110.00,   -50.00,   -6.00)   (    302.00,   33358.00,   -6.00)   OUT
  0x01AE02E0   (  110.00,   -60.00,   -6.00)   (    302.00,   33348.00,   -6.00)   OUT
  0x01AE02E1   (  110.00,   -70.00,   -6.00)   (    302.00,   33338.00,   -6.00)   OUT
  0x01AE02E2   (  110.00,   -70.00,   -6.00)   (    302.00,   33338.00,   -6.00)   OUT
  0x01AE02E3   (  110.00,   -70.00,   -6.00)   (    302.00,   33338.00,   -6.00)   OUT
  0x01AE02E4   (  110.00,   -70.00,   -6.00)   (    302.00,   33338.00,   -6.00)   OUT
  0x01AE02E5   (  110.00,   -80.00,   -6.00)   (    302.00,   33328.00,   -6.00)   OUT
  0x01AE02E6   (  110.00,   -90.00,   -6.00)   (    302.00,   33318.00,   -6.00)   OUT
  0x01AE02E7   (  110.00,  -100.00,   -6.00)   (    302.00,   33308.00,   -6.00)   OUT
  0x01AE02E8   (  120.00,   -50.00,   -6.00)   (    312.00,   33358.00,   -6.00)   OUT
  0x01AE02E9   (  120.00,   -50.00,   -6.00)   (    312.00,   33358.00,   -6.00)   OUT
  0x01AE02EA   (  120.00,   -50.00,   -6.00)   (    312.00,   33358.00,   -6.00)   OUT
  0x01AE02EB   (  120.00,   -50.00,   -6.00)   (    312.00,   33358.00,   -6.00)   OUT
  0x01AE02EC   (  120.00,   -60.00,   -6.00)   (    312.00,   33348.00,   -6.00)   OUT
  0x01AE02ED   (  120.00,   -70.00,   -6.00)   (    312.00,   33338.00,   -6.00)   OUT
  0x01AE02EE   (  120.00,   -80.00,   -6.00)   (    312.00,   33328.00,   -6.00)   OUT
  0x01AE02EF   (  120.00,   -80.00,   -6.00)   (    312.00,   33328.00,   -6.00)   OUT
  0x01AE02F0   (  120.00,   -80.00,   -6.00)   (    312.00,   33328.00,   -6.00)   OUT
  0x01AE02F1   (  120.00,   -80.00,   -6.00)   (    312.00,   33328.00,   -6.00)   OUT
  0x01AE02F2   (  120.00,   -90.00,   -6.00)   (    312.00,   33318.00,   -6.00)   OUT
  0x01AE02F3   (  120.00,  -100.00,   -6.00)   (    312.00,   33308.00,   -6.00)   OUT
  0x01AE02F4   (  130.00,     0.00,   -6.00)   (    322.00,   33408.00,   -6.00)   IN
  0x01AE02F5   (  130.00,   -10.00,   -6.00)   (    322.00,   33398.00,   -6.00)   OUT
  0x01AE02F6   (  130.00,   -20.00,   -6.00)   (    322.00,   33388.00,   -6.00)   OUT
  0x01AE02F7   (  130.00,   -70.00,   -6.00)   (    322.00,   33338.00,   -6.00)   OUT
  0x01AE02F8   (  130.00,   -80.00,   -6.00)   (    322.00,   33328.00,   -6.00)   OUT
  0x01AE02F9   (  140.00,     0.00,   -6.00)   (    332.00,   33408.00,   -6.00)   IN
  0x01AE02FA   (  140.00,   -10.00,   -6.00)   (    332.00,   33398.00,   -6.00)   OUT
  0x01AE02FB   (  140.00,   -20.00,   -6.00)   (    332.00,   33388.00,   -6.00)   OUT
  0x01AE02FC   (  140.00,   -70.00,   -6.00)   (    332.00,   33338.00,   -6.00)   OUT
  0x01AE02FD   (  140.00,   -80.00,   -6.00)   (    332.00,   33328.00,   -6.00)   OUT
  0x01AE02FE   (  140.00,  -100.00,   -6.00)   (    332.00,   33308.00,   -6.00)   OUT
  0x01AE02FF   (  150.00,     0.00,   -6.00)   (    342.00,   33408.00,   -6.00)   IN
  0x01AE0300   (  150.00,   -10.00,   -6.00)   (    342.00,   33398.00,   -6.00)   OUT
  0x01AE0301   (  150.00,   -20.00,   -6.00)   (    342.00,   33388.00,   -6.00)   OUT
  0x01AE0302   (  150.00,   -60.00,   -6.00)   (    342.00,   33348.00,   -6.00)   OUT
  0x01AE0303   (  150.00,   -70.00,   -6.00)   (    342.00,   33338.00,   -6.00)   OUT
  0x01AE0304   (  150.00,   -70.00,   -6.00)   (    342.00,   33338.00,   -6.00)   OUT
  0x01AE0305   (  150.00,   -70.00,   -6.00)   (    342.00,   33338.00,   -6.00)   OUT
  0x01AE0306   (   60.00,   -70.00,    0.00)   (    252.00,   33338.00,    0.00)   OUT
  0x01AE0307   (   60.00,   -70.00,    0.00)   (    252.00,   33338.00,    0.00)   OUT
  0x01AE0308   (   60.00,   -70.00,    0.00)   (    252.00,   33338.00,    0.00)   OUT
  0x01AE0309   (   60.00,   -80.00,    0.00)   (    252.00,   33328.00,    0.00)   OUT
  0x01AE030A   (   70.00,   -50.00,    0.00)   (    262.00,   33358.00,    0.00)   OUT
  0x01AE030B   (   70.00,   -50.00,    0.00)   (    262.00,   33358.00,    0.00)   OUT
  0x01AE030C   (   70.00,   -50.00,    0.00)   (    262.00,   33358.00,    0.00)   OUT
  0x01AE030D   (   70.00,   -50.00,    0.00)   (    262.00,   33358.00,    0.00)   OUT
  0x01AE030E   (   70.00,   -50.00,    0.00)   (    262.00,   33358.00,    0.00)   OUT
  0x01AE030F   (   70.00,   -60.00,    0.00)   (    262.00,   33348.00,    0.00)   OUT
  0x01AE0310   (   70.00,   -60.00,    0.00)   (    262.00,   33348.00,    0.00)   OUT
  0x01AE0311   (   70.00,   -60.00,    0.00)   (    262.00,   33348.00,    0.00)   OUT
  0x01AE0312   (   70.00,   -60.00,    0.00)   (    262.00,   33348.00,    0.00)   OUT
  0x01AE0313   (   70.00,   -70.00,    0.00)   (    262.00,   33338.00,    0.00)   OUT
  0x01AE0314   (   70.00,   -70.00,    0.00)   (    262.00,   33338.00,    0.00)   OUT
  0x01AE0315   (   70.00,   -70.00,    0.00)   (    262.00,   33338.00,    0.00)   OUT
  0x01AE0316   (   70.00,   -70.00,    0.00)   (    262.00,   33338.00,    0.00)   OUT
  0x01AE0317   (   70.00,   -70.00,    0.00)   (    262.00,   33338.00,    0.00)   OUT
  0x01AE0318   (   70.00,   -80.00,    0.00)   (    262.00,   33328.00,    0.00)   OUT
  0x01AE0319   (   70.00,   -80.00,    0.00)   (    262.00,   33328.00,    0.00)   OUT
  0x01AE031A   (   70.00,   -80.00,    0.00)   (    262.00,   33328.00,    0.00)   OUT
  0x01AE031B   (   70.00,   -80.00,    0.00)   (    262.00,   33328.00,    0.00)   OUT
  0x01AE031C   (   70.00,   -80.00,    0.00)   (    262.00,   33328.00,    0.00)   OUT
  0x01AE031D   (   70.00,   -90.00,    0.00)   (    262.00,   33318.00,    0.00)   OUT
  0x01AE031E   (   70.00,  -100.00,    0.00)   (    262.00,   33308.00,    0.00)   OUT
  0x01AE031F   (   80.00,   -50.00,    0.00)   (    272.00,   33358.00,    0.00)   OUT
  0x01AE0320   (   80.00,   -60.00,    0.00)   (    272.00,   33348.00,    0.00)   OUT
  0x01AE0321   (   80.00,   -60.00,    0.00)   (    272.00,   33348.00,    0.00)   OUT
  0x01AE0322   (   80.00,   -60.00,    0.00)   (    272.00,   33348.00,    0.00)   OUT
  0x01AE0323   (   80.00,   -60.00,    0.00)   (    272.00,   33348.00,    0.00)   OUT
  0x01AE0324   (   80.00,   -60.00,    0.00)   (    272.00,   33348.00,    0.00)   OUT
  0x01AE0325   (   80.00,   -70.00,    0.00)   (    272.00,   33338.00,    0.00)   OUT
  0x01AE0326   (   80.00,   -80.00,    0.00)   (    272.00,   33328.00,    0.00)   OUT
  0x01AE0327   (   80.00,   -80.00,    0.00)   (    272.00,   33328.00,    0.00)   OUT
  0x01AE0328   (   80.00,   -80.00,    0.00)   (    272.00,   33328.00,    0.00)   OUT
  0x01AE0329   (   80.00,   -80.00,    0.00)   (    272.00,   33328.00,    0.00)   OUT
  0x01AE032A   (   80.00,   -90.00,    0.00)   (    272.00,   33318.00,    0.00)   OUT
  0x01AE032B   (   80.00,   -90.00,    0.00)   (    272.00,   33318.00,    0.00)   OUT
  0x01AE032C   (   80.00,  -100.00,    0.00)   (    272.00,   33308.00,    0.00)   OUT
  0x01AE032D   (   90.00,   -60.00,    0.00)   (    282.00,   33348.00,    0.00)   OUT
  0x01AE032E   (   90.00,   -70.00,    0.00)   (    282.00,   33338.00,    0.00)   OUT
  0x01AE032F   (   90.00,   -70.00,    0.00)   (    282.00,   33338.00,    0.00)   OUT
  0x01AE0330   (   90.00,   -70.00,    0.00)   (    282.00,   33338.00,    0.00)   OUT
  0x01AE0331   (   90.00,   -70.00,    0.00)   (    282.00,   33338.00,    0.00)   OUT
  0x01AE0332   (   90.00,   -80.00,    0.00)   (    282.00,   33328.00,    0.00)   OUT
  0x01AE0333   (   90.00,   -80.00,    0.00)   (    282.00,   33328.00,    0.00)   OUT
  0x01AE0334   (   90.00,   -80.00,    0.00)   (    282.00,   33328.00,    0.00)   OUT
  0x01AE0335   (   90.00,   -80.00,    0.00)   (    282.00,   33328.00,    0.00)   OUT
  0x01AE0336   (   90.00,   -90.00,    0.00)   (    282.00,   33318.00,    0.00)   OUT
  0x01AE0337   (   90.00,   -90.00,    0.00)   (    282.00,   33318.00,    0.00)   OUT
  0x01AE0338   (   90.00,   -90.00,    0.00)   (    282.00,   33318.00,    0.00)   OUT
  0x01AE0339   (  100.00,   -60.00,    0.00)   (    292.00,   33348.00,    0.00)   OUT
  0x01AE033A   (  100.00,   -60.00,    0.00)   (    292.00,   33348.00,    0.00)   OUT
  0x01AE033B   (  100.00,   -60.00,    0.00)   (    292.00,   33348.00,    0.00)   OUT
  0x01AE033C   (  100.00,   -60.00,    0.00)   (    292.00,   33348.00,    0.00)   OUT
  0x01AE033D   (  100.00,   -70.00,    0.00)   (    292.00,   33338.00,    0.00)   OUT
  0x01AE033E   (  100.00,   -80.00,    0.00)   (    292.00,   33328.00,    0.00)   OUT
  0x01AE033F   (  100.00,   -90.00,    0.00)   (    292.00,   33318.00,    0.00)   OUT
  0x01AE0340   (  100.00,   -90.00,    0.00)   (    292.00,   33318.00,    0.00)   OUT
  0x01AE0341   (  100.00,  -100.00,    0.00)   (    292.00,   33308.00,    0.00)   OUT
  0x01AE0342   (  110.00,   -60.00,    0.00)   (    302.00,   33348.00,    0.00)   OUT
  0x01AE0343   (  110.00,   -60.00,    0.00)   (    302.00,   33348.00,    0.00)   OUT
  0x01AE0344   (  110.00,   -70.00,    0.00)   (    302.00,   33338.00,    0.00)   OUT
  0x01AE0345   (  110.00,   -80.00,    0.00)   (    302.00,   33328.00,    0.00)   OUT
  0x01AE0346   (  110.00,   -80.00,    0.00)   (    302.00,   33328.00,    0.00)   OUT
  0x01AE0347   (  110.00,   -80.00,    0.00)   (    302.00,   33328.00,    0.00)   OUT
  0x01AE0348   (  110.00,   -90.00,    0.00)   (    302.00,   33318.00,    0.00)   OUT
  0x01AE0349   (  110.00,  -100.00,    0.00)   (    302.00,   33308.00,    0.00)   OUT
  0x01AE034A   (  120.00,   -60.00,    0.00)   (    312.00,   33348.00,    0.00)   OUT
  0x01AE034B   (  120.00,   -70.00,    0.00)   (    312.00,   33338.00,    0.00)   OUT
  0x01AE034C   (  120.00,   -70.00,    0.00)   (    312.00,   33338.00,    0.00)   OUT
  0x01AE034D   (  120.00,   -80.00,    0.00)   (    312.00,   33328.00,    0.00)   OUT
  0x01AE034E   (  120.00,   -80.00,    0.00)   (    312.00,   33328.00,    0.00)   OUT
  0x01AE034F   (  120.00,   -80.00,    0.00)   (    312.00,   33328.00,    0.00)   OUT
  0x01AE0350   (  120.00,   -80.00,    0.00)   (    312.00,   33328.00,    0.00)   OUT
  0x01AE0351   (  120.00,   -80.00,    0.00)   (    312.00,   33328.00,    0.00)   OUT
  0x01AE0352   (  130.00,     0.00,    0.00)   (    322.00,   33408.00,    0.00)   IN
  0x01AE0353   (  130.00,   -10.00,    0.00)   (    322.00,   33398.00,    0.00)   OUT
  0x01AE0354   (  130.00,   -20.00,    0.00)   (    322.00,   33388.00,    0.00)   OUT
  0x01AE0355   (  130.00,   -70.00,    0.00)   (    322.00,   33338.00,    0.00)   OUT
  0x01AE0356   (  130.00,   -70.00,    0.00)   (    322.00,   33338.00,    0.00)   OUT
  0x01AE0357   (  130.00,   -70.00,    0.00)   (    322.00,   33338.00,    0.00)   OUT
  0x01AE0358   (  130.00,   -80.00,    0.00)   (    322.00,   33328.00,    0.00)   OUT
  0x01AE0359   (  130.00,   -80.00,    0.00)   (    322.00,   33328.00,    0.00)   OUT
  0x01AE035A   (  130.00,   -80.00,    0.00)   (    322.00,   33328.00,    0.00)   OUT
  0x01AE035B   (  130.00,   -80.00,    0.00)   (    322.00,   33328.00,    0.00)   OUT
  0x01AE035C   (  140.00,     0.00,    0.00)   (    332.00,   33408.00,    0.00)   IN
  0x01AE035D   (  140.00,   -10.00,    0.00)   (    332.00,   33398.00,    0.00)   OUT
  0x01AE035E   (  140.00,   -20.00,    0.00)   (    332.00,   33388.00,    0.00)   OUT
  0x01AE035F   (  140.00,   -60.00,    0.00)   (    332.00,   33348.00,    0.00)   OUT
  0x01AE0360   (  140.00,   -70.00,    0.00)   (    332.00,   33338.00,    0.00)   OUT
  0x01AE0361   (  140.00,   -70.00,    0.00)   (    332.00,   33338.00,    0.00)   OUT
  0x01AE0362   (  140.00,   -80.00,    0.00)   (    332.00,   33328.00,    0.00)   OUT
  0x01AE0363   (  140.00,   -80.00,    0.00)   (    332.00,   33328.00,    0.00)   OUT
  0x01AE0364   (  140.00,   -80.00,    0.00)   (    332.00,   33328.00,    0.00)   OUT
  0x01AE0365   (  140.00,   -80.00,    0.00)   (    332.00,   33328.00,    0.00)   OUT
  0x01AE0366   (  140.00,   -90.00,    0.00)   (    332.00,   33318.00,    0.00)   OUT
  0x01AE0367   (  140.00,   -90.00,    0.00)   (    332.00,   33318.00,    0.00)   OUT
  0x01AE0368   (  140.00,   -90.00,    0.00)   (    332.00,   33318.00,    0.00)   OUT
  0x01AE0369   (  140.00,   -90.00,    0.00)   (    332.00,   33318.00,    0.00)   OUT
  0x01AE036A   (  140.00,   -90.00,    0.00)   (    332.00,   33318.00,    0.00)   OUT
  0x01AE036B   (  140.00,  -100.00,    0.00)   (    332.00,   33308.00,    0.00)   OUT
  0x01AE036C   (  150.00,     0.00,    0.00)   (    342.00,   33408.00,    0.00)   IN
  0x01AE036D   (  150.00,   -10.00,    0.00)   (    342.00,   33398.00,    0.00)   OUT
  0x01AE036E   (  150.00,   -20.00,    0.00)   (    342.00,   33388.00,    0.00)   OUT
  0x01AE036F   (  150.00,   -60.00,    0.00)   (    342.00,   33348.00,    0.00)   OUT
  0x01AE0370   (  150.00,   -70.00,    0.00)   (    342.00,   33338.00,    0.00)   OUT
  0x01AE0371   (  160.00,   -70.00,    0.00)   (    352.00,   33338.00,    0.00)   OUT
  0x01AE0372   (  170.00,   -70.00,    0.00)   (    362.00,   33338.00,    0.00)   OUT
  0x01AE0373   (  170.00,   -70.00,    0.00)   (    362.00,   33338.00,    0.00)   OUT
  0x01AE0374   (  170.00,   -70.00,    0.00)   (    362.00,   33338.00,    0.00)   OUT
  0x01AE0375   (   30.00,   -70.00,    6.00)   (    222.00,   33338.00,    6.00)   OUT
  0x01AE0376   (   30.00,   -70.00,    6.00)   (    222.00,   33338.00,    6.00)   OUT
  0x01AE0377   (   30.00,   -70.00,    6.00)   (    222.00,   33338.00,    6.00)   OUT
  0x01AE0378   (   30.00,   -80.00,    6.00)   (    222.00,   33328.00,    6.00)   OUT
  0x01AE0379   (   30.00,   -90.00,    6.00)   (    222.00,   33318.00,    6.00)   OUT
  0x01AE037A   (   30.00,   -90.00,    6.00)   (    222.00,   33318.00,    6.00)   OUT
  0x01AE037B   (   30.00,   -90.00,    6.00)   (    222.00,   33318.00,    6.00)   OUT
  0x01AE037C   (   40.00,   -60.00,    6.00)   (    232.00,   33348.00,    6.00)   OUT
  0x01AE037D   (   40.00,   -60.00,    6.00)   (    232.00,   33348.00,    6.00)   OUT
  0x01AE037E   (   40.00,   -60.00,    6.00)   (    232.00,   33348.00,    6.00)   OUT
  0x01AE037F   (   40.00,   -70.00,    6.00)   (    232.00,   33338.00,    6.00)   OUT
  0x01AE0380   (   40.00,   -80.00,    6.00)   (    232.00,   33328.00,    6.00)   OUT
  0x01AE0381   (   40.00,   -80.00,    6.00)   (    232.00,   33328.00,    6.00)   OUT
  0x01AE0382   (   40.00,   -90.00,    6.00)   (    232.00,   33318.00,    6.00)   OUT
  0x01AE0383   (   40.00,   -90.00,    6.00)   (    232.00,   33318.00,    6.00)   OUT
  0x01AE0384   (   40.00,   -90.00,    6.00)   (    232.00,   33318.00,    6.00)   OUT
  0x01AE0385   (   40.00,  -100.00,    6.00)   (    232.00,   33308.00,    6.00)   OUT
  0x01AE0386   (   50.00,   -50.00,    6.00)   (    242.00,   33358.00,    6.00)   OUT
  0x01AE0387   (   50.00,   -60.00,    6.00)   (    242.00,   33348.00,    6.00)   OUT
  0x01AE0388   (   50.00,   -60.00,    6.00)   (    242.00,   33348.00,    6.00)   OUT
  0x01AE0389   (   50.00,   -60.00,    6.00)   (    242.00,   33348.00,    6.00)   OUT
  0x01AE038A   (   50.00,   -70.00,    6.00)   (    242.00,   33338.00,    6.00)   OUT
  0x01AE038B   (   50.00,   -80.00,    6.00)   (    242.00,   33328.00,    6.00)   OUT
  0x01AE038C   (   50.00,   -80.00,    6.00)   (    242.00,   33328.00,    6.00)   OUT
  0x01AE038D   (   50.00,   -80.00,    6.00)   (    242.00,   33328.00,    6.00)   OUT
  0x01AE038E   (   50.00,   -80.00,    6.00)   (    242.00,   33328.00,    6.00)   OUT
  0x01AE038F   (   50.00,   -90.00,    6.00)   (    242.00,   33318.00,    6.00)   OUT
  0x01AE0390   (   60.00,   -50.00,    6.00)   (    252.00,   33358.00,    6.00)   OUT
  0x01AE0391   (   60.00,   -50.00,    6.00)   (    252.00,   33358.00,    6.00)   OUT
  0x01AE0392   (   60.00,   -50.00,    6.00)   (    252.00,   33358.00,    6.00)   OUT
  0x01AE0393   (   60.00,   -60.00,    6.00)   (    252.00,   33348.00,    6.00)   OUT
  0x01AE0394   (   60.00,   -60.00,    6.00)   (    252.00,   33348.00,    6.00)   OUT
  0x01AE0395   (   60.00,   -60.00,    6.00)   (    252.00,   33348.00,    6.00)   OUT
  0x01AE0396   (   60.00,   -70.00,    6.00)   (    252.00,   33338.00,    6.00)   OUT
  0x01AE0397   (   60.00,   -80.00,    6.00)   (    252.00,   33328.00,    6.00)   OUT
  0x01AE0398   (   60.00,   -80.00,    6.00)   (    252.00,   33328.00,    6.00)   OUT
  0x01AE0399   (   60.00,   -80.00,    6.00)   (    252.00,   33328.00,    6.00)   OUT
  0x01AE039A   (   60.00,   -90.00,    6.00)   (    252.00,   33318.00,    6.00)   OUT
  0x01AE039B   (   60.00,   -90.00,    6.00)   (    252.00,   33318.00,    6.00)   OUT
  0x01AE039C   (   60.00,   -90.00,    6.00)   (    252.00,   33318.00,    6.00)   OUT
  0x01AE039D   (   70.00,   -40.00,    6.00)   (    262.00,   33368.00,    6.00)   OUT
  0x01AE039E   (   70.00,   -40.00,    6.00)   (    262.00,   33368.00,    6.00)   OUT
  0x01AE039F   (   70.00,   -40.00,    6.00)   (    262.00,   33368.00,    6.00)   OUT
  0x01AE03A0   (   70.00,   -50.00,    6.00)   (    262.00,   33358.00,    6.00)   OUT
  0x01AE03A1   (   70.00,   -60.00,    6.00)   (    262.00,   33348.00,    6.00)   OUT
  0x01AE03A2   (   70.00,   -60.00,    6.00)   (    262.00,   33348.00,    6.00)   OUT
  0x01AE03A3   (   70.00,   -60.00,    6.00)   (    262.00,   33348.00,    6.00)   OUT
  0x01AE03A4   (   70.00,   -70.00,    6.00)   (    262.00,   33338.00,    6.00)   OUT
  0x01AE03A5   (   70.00,   -90.00,    6.00)   (    262.00,   33318.00,    6.00)   OUT
  0x01AE03A6   (   70.00,  -100.00,    6.00)   (    262.00,   33308.00,    6.00)   OUT
  0x01AE03A7   (   80.00,   -40.00,    6.00)   (    272.00,   33368.00,    6.00)   OUT
  0x01AE03A8   (   80.00,   -40.00,    6.00)   (    272.00,   33368.00,    6.00)   OUT
  0x01AE03A9   (   80.00,   -40.00,    6.00)   (    272.00,   33368.00,    6.00)   OUT
  0x01AE03AA   (   80.00,   -50.00,    6.00)   (    272.00,   33358.00,    6.00)   OUT
  0x01AE03AB   (   80.00,   -50.00,    6.00)   (    272.00,   33358.00,    6.00)   OUT
  0x01AE03AC   (   80.00,   -60.00,    6.00)   (    272.00,   33348.00,    6.00)   OUT
  0x01AE03AD   (   80.00,   -60.00,    6.00)   (    272.00,   33348.00,    6.00)   OUT
  0x01AE03AE   (   80.00,   -60.00,    6.00)   (    272.00,   33348.00,    6.00)   OUT
  0x01AE03AF   (   80.00,   -70.00,    6.00)   (    272.00,   33338.00,    6.00)   OUT
  0x01AE03B0   (   80.00,   -70.00,    6.00)   (    272.00,   33338.00,    6.00)   OUT
  0x01AE03B1   (   80.00,   -70.00,    6.00)   (    272.00,   33338.00,    6.00)   OUT
  0x01AE03B2   (   80.00,   -90.00,    6.00)   (    272.00,   33318.00,    6.00)   OUT
  0x01AE03B3   (   80.00,  -100.00,    6.00)   (    272.00,   33308.00,    6.00)   OUT
  0x01AE03B4   (   90.00,   -50.00,    6.00)   (    282.00,   33358.00,    6.00)   OUT
  0x01AE03B5   (   90.00,   -60.00,    6.00)   (    282.00,   33348.00,    6.00)   OUT
  0x01AE03B6   (   90.00,   -70.00,    6.00)   (    282.00,   33338.00,    6.00)   OUT
  0x01AE03B7   (   90.00,   -70.00,    6.00)   (    282.00,   33338.00,    6.00)   OUT
  0x01AE03B8   (   90.00,   -70.00,    6.00)   (    282.00,   33338.00,    6.00)   OUT
  0x01AE03B9   (   90.00,   -70.00,    6.00)   (    282.00,   33338.00,    6.00)   OUT
  0x01AE03BA   (   90.00,   -80.00,    6.00)   (    282.00,   33328.00,    6.00)   OUT
  0x01AE03BB   (   90.00,   -90.00,    6.00)   (    282.00,   33318.00,    6.00)   OUT
  0x01AE03BC   (   90.00,   -90.00,    6.00)   (    282.00,   33318.00,    6.00)   OUT
  0x01AE03BD   (   90.00,   -90.00,    6.00)   (    282.00,   33318.00,    6.00)   OUT
  0x01AE03BE   (  100.00,   -50.00,    6.00)   (    292.00,   33358.00,    6.00)   OUT
  0x01AE03BF   (  100.00,   -90.00,    6.00)   (    292.00,   33318.00,    6.00)   OUT
  0x01AE03C0   (  100.00,  -100.00,    6.00)   (    292.00,   33308.00,    6.00)   OUT
  0x01AE03C1   (  110.00,   -60.00,    6.00)   (    302.00,   33348.00,    6.00)   OUT
  0x01AE03C2   (  110.00,   -70.00,    6.00)   (    302.00,   33338.00,    6.00)   OUT
  0x01AE03C3   (  110.00,   -90.00,    6.00)   (    302.00,   33318.00,    6.00)   OUT
  0x01AE03C4   (  110.00,  -100.00,    6.00)   (    302.00,   33308.00,    6.00)   OUT
  0x01AE03C5   (  120.00,   -60.00,    6.00)   (    312.00,   33348.00,    6.00)   OUT
  0x01AE03C6   (  120.00,   -70.00,    6.00)   (    312.00,   33338.00,    6.00)   OUT
  0x01AE03C7   (  140.00,   -60.00,    6.00)   (    332.00,   33348.00,    6.00)   OUT
  0x01AE03C8   (  140.00,   -70.00,    6.00)   (    332.00,   33338.00,    6.00)   OUT
  0x01AE03C9   (  140.00,  -100.00,    6.00)   (    332.00,   33308.00,    6.00)   OUT
  0x01AE03CA   (  150.00,   -60.00,    6.00)   (    342.00,   33348.00,    6.00)   OUT
  0x01AE03CB   (  150.00,   -70.00,    6.00)   (    342.00,   33338.00,    6.00)   OUT
  0x01AE03CC   (  160.00,   -50.00,    6.00)   (    352.00,   33358.00,    6.00)   OUT
  0x01AE03CD   (  170.00,   -50.00,    6.00)   (    362.00,   33358.00,    6.00)   OUT
  0x01AE03CE   (  170.00,   -50.00,    6.00)   (    362.00,   33358.00,    6.00)   OUT
  0x01AE03CF   (  170.00,   -50.00,    6.00)   (    362.00,   33358.00,    6.00)   OUT
  0x01AE03D0   (  170.00,   -60.00,    6.00)   (    362.00,   33348.00,    6.00)   OUT
  0x01AE03D1   (  100.00,   -50.00,   12.00)   (    292.00,   33358.00,   12.00)   OUT
  0x01AE03D2   (  110.00,   -40.00,   12.00)   (    302.00,   33368.00,   12.00)   OUT
  0x01AE03D3   (  110.00,   -40.00,   12.00)   (    302.00,   33368.00,   12.00)   OUT
  0x01AE03D4   (  110.00,   -40.00,   12.00)   (    302.00,   33368.00,   12.00)   OUT
  0x01AE03D5   (  110.00,   -50.00,   12.00)   (    302.00,   33358.00,   12.00)   OUT
  0x01AE03D6   (  110.00,   -50.00,   12.00)   (    302.00,   33358.00,   12.00)   OUT
  0x01AE03D7   (  110.00,   -50.00,   12.00)   (    302.00,   33358.00,   12.00)   OUT
  0x01AE03D8   (  120.00,   -40.00,   12.00)   (    312.00,   33368.00,   12.00)   OUT
  0x01AE03D9   (  130.00,   -40.00,   12.00)   (    322.00,   33368.00,   12.00)   OUT
  0x01AE03DA   (  130.00,   -40.00,   12.00)   (    322.00,   33368.00,   12.00)   OUT
  0x01AE03DB   (  130.00,   -40.00,   12.00)   (    322.00,   33368.00,   12.00)   OUT
  0x01AE03DC   (  130.00,   -50.00,   12.00)   (    322.00,   33358.00,   12.00)   OUT
  0x01AE03DD   (  130.00,   -50.00,   12.00)   (    322.00,   33358.00,   12.00)   OUT
  0x01AE03DE   (  130.00,   -50.00,   12.00)   (    322.00,   33358.00,   12.00)   OUT
  0x01AE03DF   (  130.00,   -50.00,   12.00)   (    322.00,   33358.00,   12.00)   OUT
  0x01AE03E0   (  140.00,   -50.00,   12.00)   (    332.00,   33358.00,   12.00)   OUT
  0x01AE03E1   (  140.00,   -50.00,   12.00)   (    332.00,   33358.00,   12.00)   OUT
  0x01AE03E2   (  140.00,   -50.00,   12.00)   (    332.00,   33358.00,   12.00)   OUT
  0x01AE03E3   (  140.00,   -50.00,   12.00)   (    332.00,   33358.00,   12.00)   OUT
  0x01AE03E4   (  140.00,   -50.00,   12.00)   (    332.00,   33358.00,   12.00)   OUT
  0x01AE03E5   (  140.00,  -100.00,   12.00)   (    332.00,   33308.00,   12.00)   OUT
  0x01AE03E6   (  150.00,   -50.00,   12.00)   (    342.00,   33358.00,   12.00)   OUT
  0x01AE03E7   (  140.00,  -100.00,   18.00)   (    332.00,   33308.00,   18.00)   OUT
  0x01AE03E8   (  140.00,  -100.00,   24.00)   (    332.00,   33308.00,   24.00)   OUT

  SUMMARY 0x01AE: cells_with_position=745
  Frame.Origin bbox: X[0.00..180.00] Y[-140.00..0.00] Z[-36.00..24.00]
  Cells with Frame.Origin inside [0,192] on BOTH X and Y: 11
  Cells with Frame.Origin OUTSIDE that footprint: 734

================================================================
LANDBLOCK 0x00D6  (LbX=0, LbY=214)
----------------------------------------------------------------
  Landblock 0x00D6 (LbX=0, LbY=214):
    HasObjects:     True
    Terrain[]:      81 entries (9x9=81 expected)
    Height[]:       81 entries (81 expected)
    LandblockInfo:  present (file 0x00D6FFFE in CellDat)
      NumCells:     946   (= indoor EnvCells inside this landblock)
      Buildings:    0
      Objects:      0
      PackMask:     0x00000000

  Per-cell Frame.Origin (landblock-local) and composed world position:
  CellId                Frame.Origin(x,y,z)                   World(x,y,z) InFootprint?
  0x00D60100   (   20.00,  -270.00,   -6.00)   (     20.00,   40818.00,   -6.00)   OUT
  0x00D60101   (   20.00,  -270.00,   -6.00)   (     20.00,   40818.00,   -6.00)   OUT
  0x00D60102   (   30.00,  -270.00,   -6.00)   (     30.00,   40818.00,   -6.00)   OUT
  0x00D60103   (   30.00,  -270.00,   -6.00)   (     30.00,   40818.00,   -6.00)   OUT
  0x00D60104   (   30.00,  -280.00,   -6.00)   (     30.00,   40808.00,   -6.00)   OUT
  0x00D60105   (   30.00,  -280.00,   -6.00)   (     30.00,   40808.00,   -6.00)   OUT
  0x00D60106   (   40.00,  -270.00,   -6.00)   (     40.00,   40818.00,   -6.00)   OUT
  0x00D60107   (   40.00,  -280.00,   -6.00)   (     40.00,   40808.00,   -6.00)   OUT
  0x00D60108   (   40.00,  -290.00,   -6.00)   (     40.00,   40798.00,   -6.00)   OUT
  0x00D60109   (   40.00,  -300.00,   -6.00)   (     40.00,   40788.00,   -6.00)   OUT
  0x00D6010A   (   50.00,  -250.00,   -6.00)   (     50.00,   40838.00,   -6.00)   OUT
  0x00D6010B   (   50.00,  -250.00,   -6.00)   (     50.00,   40838.00,   -6.00)   OUT
  0x00D6010C   (   50.00,  -270.00,   -6.00)   (     50.00,   40818.00,   -6.00)   OUT
  0x00D6010D   (   50.00,  -280.00,   -6.00)   (     50.00,   40808.00,   -6.00)   OUT
  0x00D6010E   (   50.00,  -290.00,   -6.00)   (     50.00,   40798.00,   -6.00)   OUT
  0x00D6010F   (   50.00,  -300.00,   -6.00)   (     50.00,   40788.00,   -6.00)   OUT
  0x00D60110   (   60.00,  -250.00,   -6.00)   (     60.00,   40838.00,   -6.00)   OUT
  0x00D60111   (   60.00,  -250.00,   -6.00)   (     60.00,   40838.00,   -6.00)   OUT
  0x00D60112   (   60.00,  -260.00,   -6.00)   (     60.00,   40828.00,   -6.00)   OUT
  0x00D60113   (   60.00,  -270.00,   -6.00)   (     60.00,   40818.00,   -6.00)   OUT
  0x00D60114   (   60.00,  -280.00,   -6.00)   (     60.00,   40808.00,   -6.00)   OUT
  0x00D60115   (   60.00,  -290.00,   -6.00)   (     60.00,   40798.00,   -6.00)   OUT
  0x00D60116   (   60.00,  -300.00,   -6.00)   (     60.00,   40788.00,   -6.00)   OUT
  0x00D60117   (   70.00,  -250.00,   -6.00)   (     70.00,   40838.00,   -6.00)   OUT
  0x00D60118   (   70.00,  -250.00,   -6.00)   (     70.00,   40838.00,   -6.00)   OUT
  0x00D60119   (   70.00,  -270.00,   -6.00)   (     70.00,   40818.00,   -6.00)   OUT
  0x00D6011A   (   70.00,  -280.00,   -6.00)   (     70.00,   40808.00,   -6.00)   OUT
  0x00D6011B   (   70.00,  -290.00,   -6.00)   (     70.00,   40798.00,   -6.00)   OUT
  0x00D6011C   (   70.00,  -300.00,   -6.00)   (     70.00,   40788.00,   -6.00)   OUT
  0x00D6011D   (   80.00,  -270.00,   -6.00)   (     80.00,   40818.00,   -6.00)   OUT
  0x00D6011E   (   80.00,  -280.00,   -6.00)   (     80.00,   40808.00,   -6.00)   OUT
  0x00D6011F   (   80.00,  -290.00,   -6.00)   (     80.00,   40798.00,   -6.00)   OUT
  0x00D60120   (   80.00,  -300.00,   -6.00)   (     80.00,   40788.00,   -6.00)   OUT
  0x00D60121   (   90.00,  -270.00,   -6.00)   (     90.00,   40818.00,   -6.00)   OUT
  0x00D60122   (   90.00,  -270.00,   -6.00)   (     90.00,   40818.00,   -6.00)   OUT
  0x00D60123   (   90.00,  -280.00,   -6.00)   (     90.00,   40808.00,   -6.00)   OUT
  0x00D60124   (   90.00,  -280.00,   -6.00)   (     90.00,   40808.00,   -6.00)   OUT
  0x00D60125   (  100.00,  -270.00,   -6.00)   (    100.00,   40818.00,   -6.00)   OUT
  0x00D60126   (  100.00,  -270.00,   -6.00)   (    100.00,   40818.00,   -6.00)   OUT
  0x00D60127   (   20.00,  -260.00,    0.00)   (     20.00,   40828.00,    0.00)   OUT
  0x00D60128   (   20.00,  -260.00,    0.00)   (     20.00,   40828.00,    0.00)   OUT
  0x00D60129   (   20.00,  -260.00,    0.00)   (     20.00,   40828.00,    0.00)   OUT
  0x00D6012A   (   30.00,  -230.00,    0.00)   (     30.00,   40858.00,    0.00)   OUT
  0x00D6012B   (   30.00,  -230.00,    0.00)   (     30.00,   40858.00,    0.00)   OUT
  0x00D6012C   (   30.00,  -240.00,    0.00)   (     30.00,   40848.00,    0.00)   OUT
  0x00D6012D   (   30.00,  -240.00,    0.00)   (     30.00,   40848.00,    0.00)   OUT
  0x00D6012E   (   30.00,  -250.00,    0.00)   (     30.00,   40838.00,    0.00)   OUT
  0x00D6012F   (   30.00,  -260.00,    0.00)   (     30.00,   40828.00,    0.00)   OUT
  0x00D60130   (   30.00,  -260.00,    0.00)   (     30.00,   40828.00,    0.00)   OUT
  0x00D60131   (   40.00,  -230.00,    0.00)   (     40.00,   40858.00,    0.00)   OUT
  0x00D60132   (   40.00,  -240.00,    0.00)   (     40.00,   40848.00,    0.00)   OUT
  0x00D60133   (   40.00,  -240.00,    0.00)   (     40.00,   40848.00,    0.00)   OUT
  0x00D60134   (   40.00,  -240.00,    0.00)   (     40.00,   40848.00,    0.00)   OUT
  0x00D60135   (   40.00,  -250.00,    0.00)   (     40.00,   40838.00,    0.00)   OUT
  0x00D60136   (   40.00,  -250.00,    0.00)   (     40.00,   40838.00,    0.00)   OUT
  0x00D60137   (   40.00,  -250.00,    0.00)   (     40.00,   40838.00,    0.00)   OUT
  0x00D60138   (   40.00,  -260.00,    0.00)   (     40.00,   40828.00,    0.00)   OUT
  0x00D60139   (   40.00,  -260.00,    0.00)   (     40.00,   40828.00,    0.00)   OUT
  0x00D6013A   (   40.00,  -270.00,    0.00)   (     40.00,   40818.00,    0.00)   OUT
  0x00D6013B   (   40.00,  -280.00,    0.00)   (     40.00,   40808.00,    0.00)   OUT
  0x00D6013C   (   40.00,  -290.00,    0.00)   (     40.00,   40798.00,    0.00)   OUT
  0x00D6013D   (   40.00,  -300.00,    0.00)   (     40.00,   40788.00,    0.00)   OUT
  0x00D6013E   (   50.00,  -180.00,    0.00)   (     50.00,   40908.00,    0.00)   OUT
  0x00D6013F   (   50.00,  -180.00,    0.00)   (     50.00,   40908.00,    0.00)   OUT
  0x00D60140   (   50.00,  -180.00,    0.00)   (     50.00,   40908.00,    0.00)   OUT
  0x00D60141   (   50.00,  -180.00,    0.00)   (     50.00,   40908.00,    0.00)   OUT
  0x00D60142   (   50.00,  -180.00,    0.00)   (     50.00,   40908.00,    0.00)   OUT
  0x00D60143   (   50.00,  -180.00,    0.00)   (     50.00,   40908.00,    0.00)   OUT
  0x00D60144   (   50.00,  -190.00,    0.00)   (     50.00,   40898.00,    0.00)   OUT
  0x00D60145   (   50.00,  -190.00,    0.00)   (     50.00,   40898.00,    0.00)   OUT
  0x00D60146   (   50.00,  -190.00,    0.00)   (     50.00,   40898.00,    0.00)   OUT
  0x00D60147   (   50.00,  -190.00,    0.00)   (     50.00,   40898.00,    0.00)   OUT
  0x00D60148   (   50.00,  -190.00,    0.00)   (     50.00,   40898.00,    0.00)   OUT
  0x00D60149   (   50.00,  -190.00,    0.00)   (     50.00,   40898.00,    0.00)   OUT
  0x00D6014A   (   50.00,  -200.00,    0.00)   (     50.00,   40888.00,    0.00)   OUT
  0x00D6014B   (   50.00,  -200.00,    0.00)   (     50.00,   40888.00,    0.00)   OUT
  0x00D6014C   (   50.00,  -200.00,    0.00)   (     50.00,   40888.00,    0.00)   OUT
  0x00D6014D   (   50.00,  -200.00,    0.00)   (     50.00,   40888.00,    0.00)   OUT
  0x00D6014E   (   50.00,  -200.00,    0.00)   (     50.00,   40888.00,    0.00)   OUT
  0x00D6014F   (   50.00,  -200.00,    0.00)   (     50.00,   40888.00,    0.00)   OUT
  0x00D60150   (   50.00,  -210.00,    0.00)   (     50.00,   40878.00,    0.00)   OUT
  0x00D60151   (   50.00,  -210.00,    0.00)   (     50.00,   40878.00,    0.00)   OUT
  0x00D60152   (   50.00,  -210.00,    0.00)   (     50.00,   40878.00,    0.00)   OUT
  0x00D60153   (   50.00,  -210.00,    0.00)   (     50.00,   40878.00,    0.00)   OUT
  0x00D60154   (   50.00,  -210.00,    0.00)   (     50.00,   40878.00,    0.00)   OUT
  0x00D60155   (   50.00,  -210.00,    0.00)   (     50.00,   40878.00,    0.00)   OUT
  0x00D60156   (   50.00,  -230.00,    0.00)   (     50.00,   40858.00,    0.00)   OUT
  0x00D60157   (   50.00,  -230.00,    0.00)   (     50.00,   40858.00,    0.00)   OUT
  0x00D60158   (   50.00,  -250.00,    0.00)   (     50.00,   40838.00,    0.00)   OUT
  0x00D60159   (   50.00,  -260.00,    0.00)   (     50.00,   40828.00,    0.00)   OUT
  0x00D6015A   (   50.00,  -260.00,    0.00)   (     50.00,   40828.00,    0.00)   OUT
  0x00D6015B   (   50.00,  -270.00,    0.00)   (     50.00,   40818.00,    0.00)   OUT
  0x00D6015C   (   50.00,  -270.00,    0.00)   (     50.00,   40818.00,    0.00)   OUT
  0x00D6015D   (   50.00,  -270.00,    0.00)   (     50.00,   40818.00,    0.00)   OUT
  0x00D6015E   (   50.00,  -270.00,    0.00)   (     50.00,   40818.00,    0.00)   OUT
  0x00D6015F   (   50.00,  -270.00,    0.00)   (     50.00,   40818.00,    0.00)   OUT
  0x00D60160   (   50.00,  -270.00,    0.00)   (     50.00,   40818.00,    0.00)   OUT
  0x00D60161   (   50.00,  -270.00,    0.00)   (     50.00,   40818.00,    0.00)   OUT
  0x00D60162   (   50.00,  -270.00,    0.00)   (     50.00,   40818.00,    0.00)   OUT
  0x00D60163   (   50.00,  -270.00,    0.00)   (     50.00,   40818.00,    0.00)   OUT
  0x00D60164   (   50.00,  -270.00,    0.00)   (     50.00,   40818.00,    0.00)   OUT
  0x00D60165   (   50.00,  -270.00,    0.00)   (     50.00,   40818.00,    0.00)   OUT
  0x00D60166   (   50.00,  -270.00,    0.00)   (     50.00,   40818.00,    0.00)   OUT
  0x00D60167   (   50.00,  -280.00,    0.00)   (     50.00,   40808.00,    0.00)   OUT
  0x00D60168   (   50.00,  -280.00,    0.00)   (     50.00,   40808.00,    0.00)   OUT
  0x00D60169   (   50.00,  -280.00,    0.00)   (     50.00,   40808.00,    0.00)   OUT
  0x00D6016A   (   50.00,  -280.00,    0.00)   (     50.00,   40808.00,    0.00)   OUT
  0x00D6016B   (   50.00,  -280.00,    0.00)   (     50.00,   40808.00,    0.00)   OUT
  0x00D6016C   (   50.00,  -280.00,    0.00)   (     50.00,   40808.00,    0.00)   OUT
  0x00D6016D   (   50.00,  -280.00,    0.00)   (     50.00,   40808.00,    0.00)   OUT
  0x00D6016E   (   50.00,  -280.00,    0.00)   (     50.00,   40808.00,    0.00)   OUT
  0x00D6016F   (   50.00,  -280.00,    0.00)   (     50.00,   40808.00,    0.00)   OUT
  0x00D60170   (   50.00,  -290.00,    0.00)   (     50.00,   40798.00,    0.00)   OUT
  0x00D60171   (   50.00,  -290.00,    0.00)   (     50.00,   40798.00,    0.00)   OUT
  0x00D60172   (   50.00,  -290.00,    0.00)   (     50.00,   40798.00,    0.00)   OUT
  0x00D60173   (   50.00,  -290.00,    0.00)   (     50.00,   40798.00,    0.00)   OUT
  0x00D60174   (   50.00,  -290.00,    0.00)   (     50.00,   40798.00,    0.00)   OUT
  0x00D60175   (   50.00,  -290.00,    0.00)   (     50.00,   40798.00,    0.00)   OUT
  0x00D60176   (   50.00,  -290.00,    0.00)   (     50.00,   40798.00,    0.00)   OUT
  0x00D60177   (   50.00,  -290.00,    0.00)   (     50.00,   40798.00,    0.00)   OUT
  0x00D60178   (   50.00,  -290.00,    0.00)   (     50.00,   40798.00,    0.00)   OUT
  0x00D60179   (   50.00,  -300.00,    0.00)   (     50.00,   40788.00,    0.00)   OUT
  0x00D6017A   (   50.00,  -300.00,    0.00)   (     50.00,   40788.00,    0.00)   OUT
  0x00D6017B   (   50.00,  -300.00,    0.00)   (     50.00,   40788.00,    0.00)   OUT
  0x00D6017C   (   50.00,  -300.00,    0.00)   (     50.00,   40788.00,    0.00)   OUT
  0x00D6017D   (   50.00,  -300.00,    0.00)   (     50.00,   40788.00,    0.00)   OUT
  0x00D6017E   (   50.00,  -300.00,    0.00)   (     50.00,   40788.00,    0.00)   OUT
  0x00D6017F   (   50.00,  -300.00,    0.00)   (     50.00,   40788.00,    0.00)   OUT
  0x00D60180   (   50.00,  -300.00,    0.00)   (     50.00,   40788.00,    0.00)   OUT
  0x00D60181   (   50.00,  -300.00,    0.00)   (     50.00,   40788.00,    0.00)   OUT
  0x00D60182   (   50.00,  -300.00,    0.00)   (     50.00,   40788.00,    0.00)   OUT
  0x00D60183   (   50.00,  -300.00,    0.00)   (     50.00,   40788.00,    0.00)   OUT
  0x00D60184   (   50.00,  -300.00,    0.00)   (     50.00,   40788.00,    0.00)   OUT
  0x00D60185   (   50.00,  -310.00,    0.00)   (     50.00,   40778.00,    0.00)   OUT
  0x00D60186   (   50.00,  -310.00,    0.00)   (     50.00,   40778.00,    0.00)   OUT
  0x00D60187   (   60.00,  -180.00,    0.00)   (     60.00,   40908.00,    0.00)   OUT
  0x00D60188   (   60.00,  -190.00,    0.00)   (     60.00,   40898.00,    0.00)   OUT
  0x00D60189   (   60.00,  -200.00,    0.00)   (     60.00,   40888.00,    0.00)   OUT
  0x00D6018A   (   60.00,  -210.00,    0.00)   (     60.00,   40878.00,    0.00)   OUT
  0x00D6018B   (   60.00,  -250.00,    0.00)   (     60.00,   40838.00,    0.00)   OUT
  0x00D6018C   (   60.00,  -250.00,    0.00)   (     60.00,   40838.00,    0.00)   OUT
  0x00D6018D   (   60.00,  -250.00,    0.00)   (     60.00,   40838.00,    0.00)   OUT
  0x00D6018E   (   60.00,  -260.00,    0.00)   (     60.00,   40828.00,    0.00)   OUT
  0x00D6018F   (   60.00,  -260.00,    0.00)   (     60.00,   40828.00,    0.00)   OUT
  0x00D60190   (   60.00,  -270.00,    0.00)   (     60.00,   40818.00,    0.00)   OUT
  0x00D60191   (   60.00,  -280.00,    0.00)   (     60.00,   40808.00,    0.00)   OUT
  0x00D60192   (   60.00,  -290.00,    0.00)   (     60.00,   40798.00,    0.00)   OUT
  0x00D60193   (   60.00,  -300.00,    0.00)   (     60.00,   40788.00,    0.00)   OUT
  0x00D60194   (   60.00,  -310.00,    0.00)   (     60.00,   40778.00,    0.00)   OUT
  0x00D60195   (   60.00,  -310.00,    0.00)   (     60.00,   40778.00,    0.00)   OUT
  0x00D60196   (   60.00,  -310.00,    0.00)   (     60.00,   40778.00,    0.00)   OUT
  0x00D60197   (   70.00,  -180.00,    0.00)   (     70.00,   40908.00,    0.00)   OUT
  0x00D60198   (   70.00,  -180.00,    0.00)   (     70.00,   40908.00,    0.00)   OUT
  0x00D60199   (   70.00,  -180.00,    0.00)   (     70.00,   40908.00,    0.00)   OUT
  0x00D6019A   (   70.00,  -180.00,    0.00)   (     70.00,   40908.00,    0.00)   OUT
  0x00D6019B   (   70.00,  -180.00,    0.00)   (     70.00,   40908.00,    0.00)   OUT
  0x00D6019C   (   70.00,  -180.00,    0.00)   (     70.00,   40908.00,    0.00)   OUT
  0x00D6019D   (   70.00,  -190.00,    0.00)   (     70.00,   40898.00,    0.00)   OUT
  0x00D6019E   (   70.00,  -190.00,    0.00)   (     70.00,   40898.00,    0.00)   OUT
  0x00D6019F   (   70.00,  -190.00,    0.00)   (     70.00,   40898.00,    0.00)   OUT
  0x00D601A0   (   70.00,  -190.00,    0.00)   (     70.00,   40898.00,    0.00)   OUT
  0x00D601A1   (   70.00,  -190.00,    0.00)   (     70.00,   40898.00,    0.00)   OUT
  0x00D601A2   (   70.00,  -190.00,    0.00)   (     70.00,   40898.00,    0.00)   OUT
  0x00D601A3   (   70.00,  -200.00,    0.00)   (     70.00,   40888.00,    0.00)   OUT
  0x00D601A4   (   70.00,  -200.00,    0.00)   (     70.00,   40888.00,    0.00)   OUT
  0x00D601A5   (   70.00,  -200.00,    0.00)   (     70.00,   40888.00,    0.00)   OUT
  0x00D601A6   (   70.00,  -200.00,    0.00)   (     70.00,   40888.00,    0.00)   OUT
  0x00D601A7   (   70.00,  -200.00,    0.00)   (     70.00,   40888.00,    0.00)   OUT
  0x00D601A8   (   70.00,  -200.00,    0.00)   (     70.00,   40888.00,    0.00)   OUT
  0x00D601A9   (   70.00,  -210.00,    0.00)   (     70.00,   40878.00,    0.00)   OUT
  0x00D601AA   (   70.00,  -210.00,    0.00)   (     70.00,   40878.00,    0.00)   OUT
  0x00D601AB   (   70.00,  -210.00,    0.00)   (     70.00,   40878.00,    0.00)   OUT
  0x00D601AC   (   70.00,  -210.00,    0.00)   (     70.00,   40878.00,    0.00)   OUT
  0x00D601AD   (   70.00,  -210.00,    0.00)   (     70.00,   40878.00,    0.00)   OUT
  0x00D601AE   (   70.00,  -210.00,    0.00)   (     70.00,   40878.00,    0.00)   OUT
  0x00D601AF   (   70.00,  -230.00,    0.00)   (     70.00,   40858.00,    0.00)   OUT
  0x00D601B0   (   70.00,  -230.00,    0.00)   (     70.00,   40858.00,    0.00)   OUT
  0x00D601B1   (   70.00,  -250.00,    0.00)   (     70.00,   40838.00,    0.00)   OUT
  0x00D601B2   (   70.00,  -260.00,    0.00)   (     70.00,   40828.00,    0.00)   OUT
  0x00D601B3   (   70.00,  -260.00,    0.00)   (     70.00,   40828.00,    0.00)   OUT
  0x00D601B4   (   70.00,  -270.00,    0.00)   (     70.00,   40818.00,    0.00)   OUT
  0x00D601B5   (   70.00,  -270.00,    0.00)   (     70.00,   40818.00,    0.00)   OUT
  0x00D601B6   (   70.00,  -270.00,    0.00)   (     70.00,   40818.00,    0.00)   OUT
  0x00D601B7   (   70.00,  -270.00,    0.00)   (     70.00,   40818.00,    0.00)   OUT
  0x00D601B8   (   70.00,  -270.00,    0.00)   (     70.00,   40818.00,    0.00)   OUT
  0x00D601B9   (   70.00,  -270.00,    0.00)   (     70.00,   40818.00,    0.00)   OUT
  0x00D601BA   (   70.00,  -270.00,    0.00)   (     70.00,   40818.00,    0.00)   OUT
  0x00D601BB   (   70.00,  -270.00,    0.00)   (     70.00,   40818.00,    0.00)   OUT
  0x00D601BC   (   70.00,  -270.00,    0.00)   (     70.00,   40818.00,    0.00)   OUT
  0x00D601BD   (   70.00,  -270.00,    0.00)   (     70.00,   40818.00,    0.00)   OUT
  0x00D601BE   (   70.00,  -270.00,    0.00)   (     70.00,   40818.00,    0.00)   OUT
  0x00D601BF   (   70.00,  -270.00,    0.00)   (     70.00,   40818.00,    0.00)   OUT
  0x00D601C0   (   70.00,  -280.00,    0.00)   (     70.00,   40808.00,    0.00)   OUT
  0x00D601C1   (   70.00,  -280.00,    0.00)   (     70.00,   40808.00,    0.00)   OUT
  0x00D601C2   (   70.00,  -280.00,    0.00)   (     70.00,   40808.00,    0.00)   OUT
  0x00D601C3   (   70.00,  -280.00,    0.00)   (     70.00,   40808.00,    0.00)   OUT
  0x00D601C4   (   70.00,  -280.00,    0.00)   (     70.00,   40808.00,    0.00)   OUT
  0x00D601C5   (   70.00,  -280.00,    0.00)   (     70.00,   40808.00,    0.00)   OUT
  0x00D601C6   (   70.00,  -280.00,    0.00)   (     70.00,   40808.00,    0.00)   OUT
  0x00D601C7   (   70.00,  -280.00,    0.00)   (     70.00,   40808.00,    0.00)   OUT
  0x00D601C8   (   70.00,  -280.00,    0.00)   (     70.00,   40808.00,    0.00)   OUT
  0x00D601C9   (   70.00,  -290.00,    0.00)   (     70.00,   40798.00,    0.00)   OUT
  0x00D601CA   (   70.00,  -290.00,    0.00)   (     70.00,   40798.00,    0.00)   OUT
  0x00D601CB   (   70.00,  -290.00,    0.00)   (     70.00,   40798.00,    0.00)   OUT
  0x00D601CC   (   70.00,  -290.00,    0.00)   (     70.00,   40798.00,    0.00)   OUT
  0x00D601CD   (   70.00,  -290.00,    0.00)   (     70.00,   40798.00,    0.00)   OUT
  0x00D601CE   (   70.00,  -290.00,    0.00)   (     70.00,   40798.00,    0.00)   OUT
  0x00D601CF   (   70.00,  -290.00,    0.00)   (     70.00,   40798.00,    0.00)   OUT
  0x00D601D0   (   70.00,  -290.00,    0.00)   (     70.00,   40798.00,    0.00)   OUT
  0x00D601D1   (   70.00,  -290.00,    0.00)   (     70.00,   40798.00,    0.00)   OUT
  0x00D601D2   (   70.00,  -300.00,    0.00)   (     70.00,   40788.00,    0.00)   OUT
  0x00D601D3   (   70.00,  -300.00,    0.00)   (     70.00,   40788.00,    0.00)   OUT
  0x00D601D4   (   70.00,  -300.00,    0.00)   (     70.00,   40788.00,    0.00)   OUT
  0x00D601D5   (   70.00,  -300.00,    0.00)   (     70.00,   40788.00,    0.00)   OUT
  0x00D601D6   (   70.00,  -300.00,    0.00)   (     70.00,   40788.00,    0.00)   OUT
  0x00D601D7   (   70.00,  -300.00,    0.00)   (     70.00,   40788.00,    0.00)   OUT
  0x00D601D8   (   70.00,  -300.00,    0.00)   (     70.00,   40788.00,    0.00)   OUT
  0x00D601D9   (   70.00,  -300.00,    0.00)   (     70.00,   40788.00,    0.00)   OUT
  0x00D601DA   (   70.00,  -300.00,    0.00)   (     70.00,   40788.00,    0.00)   OUT
  0x00D601DB   (   70.00,  -300.00,    0.00)   (     70.00,   40788.00,    0.00)   OUT
  0x00D601DC   (   70.00,  -300.00,    0.00)   (     70.00,   40788.00,    0.00)   OUT
  0x00D601DD   (   70.00,  -300.00,    0.00)   (     70.00,   40788.00,    0.00)   OUT
  0x00D601DE   (   70.00,  -310.00,    0.00)   (     70.00,   40778.00,    0.00)   OUT
  0x00D601DF   (   70.00,  -310.00,    0.00)   (     70.00,   40778.00,    0.00)   OUT
  0x00D601E0   (   80.00,  -180.00,    0.00)   (     80.00,   40908.00,    0.00)   OUT
  0x00D601E1   (   80.00,  -190.00,    0.00)   (     80.00,   40898.00,    0.00)   OUT
  0x00D601E2   (   80.00,  -190.00,    0.00)   (     80.00,   40898.00,    0.00)   OUT
  0x00D601E3   (   80.00,  -230.00,    0.00)   (     80.00,   40858.00,    0.00)   OUT
  0x00D601E4   (   80.00,  -240.00,    0.00)   (     80.00,   40848.00,    0.00)   OUT
  0x00D601E5   (   80.00,  -240.00,    0.00)   (     80.00,   40848.00,    0.00)   OUT
  0x00D601E6   (   80.00,  -240.00,    0.00)   (     80.00,   40848.00,    0.00)   OUT
  0x00D601E7   (   80.00,  -250.00,    0.00)   (     80.00,   40838.00,    0.00)   OUT
  0x00D601E8   (   80.00,  -250.00,    0.00)   (     80.00,   40838.00,    0.00)   OUT
  0x00D601E9   (   80.00,  -250.00,    0.00)   (     80.00,   40838.00,    0.00)   OUT
  0x00D601EA   (   80.00,  -260.00,    0.00)   (     80.00,   40828.00,    0.00)   OUT
  0x00D601EB   (   80.00,  -260.00,    0.00)   (     80.00,   40828.00,    0.00)   OUT
  0x00D601EC   (   80.00,  -270.00,    0.00)   (     80.00,   40818.00,    0.00)   OUT
  0x00D601ED   (   80.00,  -280.00,    0.00)   (     80.00,   40808.00,    0.00)   OUT
  0x00D601EE   (   80.00,  -290.00,    0.00)   (     80.00,   40798.00,    0.00)   OUT
  0x00D601EF   (   80.00,  -300.00,    0.00)   (     80.00,   40788.00,    0.00)   OUT
  0x00D601F0   (   90.00,  -230.00,    0.00)   (     90.00,   40858.00,    0.00)   OUT
  0x00D601F1   (   90.00,  -230.00,    0.00)   (     90.00,   40858.00,    0.00)   OUT
  0x00D601F2   (   90.00,  -240.00,    0.00)   (     90.00,   40848.00,    0.00)   OUT
  0x00D601F3   (   90.00,  -240.00,    0.00)   (     90.00,   40848.00,    0.00)   OUT
  0x00D601F4   (   90.00,  -250.00,    0.00)   (     90.00,   40838.00,    0.00)   OUT
  0x00D601F5   (   90.00,  -260.00,    0.00)   (     90.00,   40828.00,    0.00)   OUT
  0x00D601F6   (   90.00,  -260.00,    0.00)   (     90.00,   40828.00,    0.00)   OUT
  0x00D601F7   (  100.00,  -260.00,    0.00)   (    100.00,   40828.00,    0.00)   OUT
  0x00D601F8   (  100.00,  -260.00,    0.00)   (    100.00,   40828.00,    0.00)   OUT
  0x00D601F9   (  100.00,  -260.00,    0.00)   (    100.00,   40828.00,    0.00)   OUT
  0x00D601FA   (   40.00,  -170.00,    6.00)   (     40.00,   40918.00,    6.00)   OUT
  0x00D601FB   (   40.00,  -170.00,    6.00)   (     40.00,   40918.00,    6.00)   OUT
  0x00D601FC   (   50.00,  -170.00,    6.00)   (     50.00,   40918.00,    6.00)   OUT
  0x00D601FD   (   50.00,  -170.00,    6.00)   (     50.00,   40918.00,    6.00)   OUT
  0x00D601FE   (   50.00,  -180.00,    6.00)   (     50.00,   40908.00,    6.00)   OUT
  0x00D601FF   (   50.00,  -190.00,    6.00)   (     50.00,   40898.00,    6.00)   OUT
  0x00D60200   (   50.00,  -200.00,    6.00)   (     50.00,   40888.00,    6.00)   OUT
  0x00D60201   (   50.00,  -210.00,    6.00)   (     50.00,   40878.00,    6.00)   OUT
  0x00D60202   (   50.00,  -220.00,    6.00)   (     50.00,   40868.00,    6.00)   OUT
  0x00D60203   (   50.00,  -330.00,    6.00)   (     50.00,   40758.00,    6.00)   OUT
  0x00D60204   (   50.00,  -330.00,    6.00)   (     50.00,   40758.00,    6.00)   OUT
  0x00D60205   (   60.00,  -180.00,    6.00)   (     60.00,   40908.00,    6.00)   OUT
  0x00D60206   (   60.00,  -190.00,    6.00)   (     60.00,   40898.00,    6.00)   OUT
  0x00D60207   (   60.00,  -200.00,    6.00)   (     60.00,   40888.00,    6.00)   OUT
  0x00D60208   (   60.00,  -210.00,    6.00)   (     60.00,   40878.00,    6.00)   OUT
  0x00D60209   (   60.00,  -320.00,    6.00)   (     60.00,   40768.00,    6.00)   OUT
  0x00D6020A   (   60.00,  -330.00,    6.00)   (     60.00,   40758.00,    6.00)   OUT
  0x00D6020B   (   60.00,  -330.00,    6.00)   (     60.00,   40758.00,    6.00)   OUT
  0x00D6020C   (   60.00,  -330.00,    6.00)   (     60.00,   40758.00,    6.00)   OUT
  0x00D6020D   (   60.00,  -330.00,    6.00)   (     60.00,   40758.00,    6.00)   OUT
  0x00D6020E   (   60.00,  -330.00,    6.00)   (     60.00,   40758.00,    6.00)   OUT
  0x00D6020F   (   60.00,  -330.00,    6.00)   (     60.00,   40758.00,    6.00)   OUT
  0x00D60210   (   60.00,  -340.00,    6.00)   (     60.00,   40748.00,    6.00)   OUT
  0x00D60211   (   60.00,  -340.00,    6.00)   (     60.00,   40748.00,    6.00)   OUT
  0x00D60212   (   70.00,  -170.00,    6.00)   (     70.00,   40918.00,    6.00)   OUT
  0x00D60213   (   70.00,  -170.00,    6.00)   (     70.00,   40918.00,    6.00)   OUT
  0x00D60214   (   70.00,  -180.00,    6.00)   (     70.00,   40908.00,    6.00)   OUT
  0x00D60215   (   70.00,  -190.00,    6.00)   (     70.00,   40898.00,    6.00)   OUT
  0x00D60216   (   70.00,  -200.00,    6.00)   (     70.00,   40888.00,    6.00)   OUT
  0x00D60217   (   70.00,  -210.00,    6.00)   (     70.00,   40878.00,    6.00)   OUT
  0x00D60218   (   70.00,  -220.00,    6.00)   (     70.00,   40868.00,    6.00)   OUT
  0x00D60219   (   70.00,  -330.00,    6.00)   (     70.00,   40758.00,    6.00)   OUT
  0x00D6021A   (   70.00,  -330.00,    6.00)   (     70.00,   40758.00,    6.00)   OUT
  0x00D6021B   (   80.00,  -170.00,    6.00)   (     80.00,   40918.00,    6.00)   OUT
  0x00D6021C   (   80.00,  -170.00,    6.00)   (     80.00,   40918.00,    6.00)   OUT
  0x00D6021D   (   80.00,  -170.00,    6.00)   (     80.00,   40918.00,    6.00)   OUT
  0x00D6021E   (   40.00,  -170.00,   12.00)   (     40.00,   40918.00,   12.00)   OUT
  0x00D6021F   (   50.00,  -140.00,   12.00)   (     50.00,   40948.00,   12.00)   OUT
  0x00D60220   (   50.00,  -150.00,   12.00)   (     50.00,   40938.00,   12.00)   OUT
  0x00D60221   (   50.00,  -160.00,   12.00)   (     50.00,   40928.00,   12.00)   OUT
  0x00D60222   (   50.00,  -330.00,   12.00)   (     50.00,   40758.00,   12.00)   OUT
  0x00D60223   (   60.00,  -140.00,   12.00)   (     60.00,   40948.00,   12.00)   OUT
  0x00D60224   (   60.00,  -150.00,   12.00)   (     60.00,   40938.00,   12.00)   OUT
  0x00D60225   (   60.00,  -160.00,   12.00)   (     60.00,   40928.00,   12.00)   OUT
  0x00D60226   (   60.00,  -170.00,   12.00)   (     60.00,   40918.00,   12.00)   OUT
  0x00D60227   (   60.00,  -170.00,   12.00)   (     60.00,   40918.00,   12.00)   OUT
  0x00D60228   (   60.00,  -170.00,   12.00)   (     60.00,   40918.00,   12.00)   OUT
  0x00D60229   (   60.00,  -170.00,   12.00)   (     60.00,   40918.00,   12.00)   OUT
  0x00D6022A   (   60.00,  -340.00,   12.00)   (     60.00,   40748.00,   12.00)   OUT
  0x00D6022B   (   70.00,  -140.00,   12.00)   (     70.00,   40948.00,   12.00)   OUT
  0x00D6022C   (   70.00,  -150.00,   12.00)   (     70.00,   40938.00,   12.00)   OUT
  0x00D6022D   (   70.00,  -160.00,   12.00)   (     70.00,   40928.00,   12.00)   OUT
  0x00D6022E   (   70.00,  -330.00,   12.00)   (     70.00,   40758.00,   12.00)   OUT
  0x00D6022F   (   80.00,  -140.00,   12.00)   (     80.00,   40948.00,   12.00)   OUT
  0x00D60230   (   80.00,  -140.00,   12.00)   (     80.00,   40948.00,   12.00)   OUT
  0x00D60231   (   80.00,  -140.00,   12.00)   (     80.00,   40948.00,   12.00)   OUT
  0x00D60232   (   80.00,  -140.00,   12.00)   (     80.00,   40948.00,   12.00)   OUT
  0x00D60233   (   80.00,  -150.00,   12.00)   (     80.00,   40938.00,   12.00)   OUT
  0x00D60234   (   80.00,  -150.00,   12.00)   (     80.00,   40938.00,   12.00)   OUT
  0x00D60235   (   80.00,  -150.00,   12.00)   (     80.00,   40938.00,   12.00)   OUT
  0x00D60236   (   80.00,  -160.00,   12.00)   (     80.00,   40928.00,   12.00)   OUT
  0x00D60237   (   80.00,  -160.00,   12.00)   (     80.00,   40928.00,   12.00)   OUT
  0x00D60238   (   80.00,  -160.00,   12.00)   (     80.00,   40928.00,   12.00)   OUT
  0x00D60239   (   90.00,  -130.00,   12.00)   (     90.00,   40958.00,   12.00)   OUT
  0x00D6023A   (   90.00,  -140.00,   12.00)   (     90.00,   40948.00,   12.00)   OUT
  0x00D6023B   (   90.00,  -140.00,   12.00)   (     90.00,   40948.00,   12.00)   OUT
  0x00D6023C   (   90.00,  -140.00,   12.00)   (     90.00,   40948.00,   12.00)   OUT
  0x00D6023D   (   90.00,  -140.00,   12.00)   (     90.00,   40948.00,   12.00)   OUT
  0x00D6023E   (   90.00,  -150.00,   12.00)   (     90.00,   40938.00,   12.00)   OUT
  0x00D6023F   (   90.00,  -150.00,   12.00)   (     90.00,   40938.00,   12.00)   OUT
  0x00D60240   (   90.00,  -160.00,   12.00)   (     90.00,   40928.00,   12.00)   OUT
  0x00D60241   (   90.00,  -160.00,   12.00)   (     90.00,   40928.00,   12.00)   OUT
  0x00D60242   (   90.00,  -160.00,   12.00)   (     90.00,   40928.00,   12.00)   OUT
  0x00D60243   (   90.00,  -160.00,   12.00)   (     90.00,   40928.00,   12.00)   OUT
  0x00D60244   (  100.00,  -140.00,   12.00)   (    100.00,   40948.00,   12.00)   OUT
  0x00D60245   (  100.00,  -140.00,   12.00)   (    100.00,   40948.00,   12.00)   OUT
  0x00D60246   (  100.00,  -140.00,   12.00)   (    100.00,   40948.00,   12.00)   OUT
  0x00D60247   (  100.00,  -140.00,   12.00)   (    100.00,   40948.00,   12.00)   OUT
  0x00D60248   (  100.00,  -150.00,   12.00)   (    100.00,   40938.00,   12.00)   OUT
  0x00D60249   (  100.00,  -150.00,   12.00)   (    100.00,   40938.00,   12.00)   OUT
  0x00D6024A   (  100.00,  -160.00,   12.00)   (    100.00,   40928.00,   12.00)   OUT
  0x00D6024B   (  100.00,  -160.00,   12.00)   (    100.00,   40928.00,   12.00)   OUT
  0x00D6024C   (  100.00,  -160.00,   12.00)   (    100.00,   40928.00,   12.00)   OUT
  0x00D6024D   (  100.00,  -160.00,   12.00)   (    100.00,   40928.00,   12.00)   OUT
  0x00D6024E   (  100.00,  -170.00,   12.00)   (    100.00,   40918.00,   12.00)   OUT
  0x00D6024F   (  110.00,  -130.00,   12.00)   (    110.00,   40958.00,   12.00)   OUT
  0x00D60250   (  110.00,  -140.00,   12.00)   (    110.00,   40948.00,   12.00)   OUT
  0x00D60251   (  110.00,  -140.00,   12.00)   (    110.00,   40948.00,   12.00)   OUT
  0x00D60252   (  110.00,  -140.00,   12.00)   (    110.00,   40948.00,   12.00)   OUT
  0x00D60253   (  110.00,  -140.00,   12.00)   (    110.00,   40948.00,   12.00)   OUT
  0x00D60254   (  110.00,  -150.00,   12.00)   (    110.00,   40938.00,   12.00)   OUT
  0x00D60255   (  110.00,  -150.00,   12.00)   (    110.00,   40938.00,   12.00)   OUT
  0x00D60256   (  110.00,  -160.00,   12.00)   (    110.00,   40928.00,   12.00)   OUT
  0x00D60257   (  110.00,  -160.00,   12.00)   (    110.00,   40928.00,   12.00)   OUT
  0x00D60258   (  110.00,  -160.00,   12.00)   (    110.00,   40928.00,   12.00)   OUT
  0x00D60259   (  110.00,  -160.00,   12.00)   (    110.00,   40928.00,   12.00)   OUT
  0x00D6025A   (  120.00,  -150.00,   12.00)   (    120.00,   40938.00,   12.00)   OUT
  0x00D6025B   (  120.00,  -150.00,   12.00)   (    120.00,   40938.00,   12.00)   OUT
  0x00D6025C   (  120.00,  -160.00,   12.00)   (    120.00,   40928.00,   12.00)   OUT
  0x00D6025D   (  120.00,  -160.00,   12.00)   (    120.00,   40928.00,   12.00)   OUT
  0x00D6025E   (  120.00,  -160.00,   12.00)   (    120.00,   40928.00,   12.00)   OUT
  0x00D6025F   (  120.00,  -160.00,   12.00)   (    120.00,   40928.00,   12.00)   OUT
  0x00D60260   (  120.00,  -170.00,   12.00)   (    120.00,   40918.00,   12.00)   OUT
  0x00D60261   (   30.00,  -120.00,   18.00)   (     30.00,   40968.00,   18.00)   OUT
  0x00D60262   (   30.00,  -130.00,   18.00)   (     30.00,   40958.00,   18.00)   OUT
  0x00D60263   (   40.00,  -120.00,   18.00)   (     40.00,   40968.00,   18.00)   OUT
  0x00D60264   (   40.00,  -130.00,   18.00)   (     40.00,   40958.00,   18.00)   OUT
  0x00D60265   (   40.00,  -130.00,   18.00)   (     40.00,   40958.00,   18.00)   OUT
  0x00D60266   (   40.00,  -130.00,   18.00)   (     40.00,   40958.00,   18.00)   OUT
  0x00D60267   (   40.00,  -140.00,   18.00)   (     40.00,   40948.00,   18.00)   OUT
  0x00D60268   (   40.00,  -150.00,   18.00)   (     40.00,   40938.00,   18.00)   OUT
  0x00D60269   (   40.00,  -150.00,   18.00)   (     40.00,   40938.00,   18.00)   OUT
  0x00D6026A   (   50.00,  -130.00,   18.00)   (     50.00,   40958.00,   18.00)   OUT
  0x00D6026B   (   50.00,  -140.00,   18.00)   (     50.00,   40948.00,   18.00)   OUT
  0x00D6026C   (   50.00,  -150.00,   18.00)   (     50.00,   40938.00,   18.00)   OUT
  0x00D6026D   (   50.00,  -150.00,   18.00)   (     50.00,   40938.00,   18.00)   OUT
  0x00D6026E   (   50.00,  -150.00,   18.00)   (     50.00,   40938.00,   18.00)   OUT
  0x00D6026F   (   50.00,  -150.00,   18.00)   (     50.00,   40938.00,   18.00)   OUT
  0x00D60270   (   50.00,  -150.00,   18.00)   (     50.00,   40938.00,   18.00)   OUT
  0x00D60271   (   50.00,  -150.00,   18.00)   (     50.00,   40938.00,   18.00)   OUT
  0x00D60272   (   50.00,  -150.00,   18.00)   (     50.00,   40938.00,   18.00)   OUT
  0x00D60273   (   50.00,  -150.00,   18.00)   (     50.00,   40938.00,   18.00)   OUT
  0x00D60274   (   50.00,  -150.00,   18.00)   (     50.00,   40938.00,   18.00)   OUT
  0x00D60275   (   50.00,  -150.00,   18.00)   (     50.00,   40938.00,   18.00)   OUT
  0x00D60276   (   50.00,  -150.00,   18.00)   (     50.00,   40938.00,   18.00)   OUT
  0x00D60277   (   50.00,  -150.00,   18.00)   (     50.00,   40938.00,   18.00)   OUT
  0x00D60278   (   50.00,  -160.00,   18.00)   (     50.00,   40928.00,   18.00)   OUT
  0x00D60279   (   60.00,  -130.00,   18.00)   (     60.00,   40958.00,   18.00)   OUT
  0x00D6027A   (   60.00,  -130.00,   18.00)   (     60.00,   40958.00,   18.00)   OUT
  0x00D6027B   (   60.00,  -130.00,   18.00)   (     60.00,   40958.00,   18.00)   OUT
  0x00D6027C   (   60.00,  -140.00,   18.00)   (     60.00,   40948.00,   18.00)   OUT
  0x00D6027D   (   60.00,  -150.00,   18.00)   (     60.00,   40938.00,   18.00)   OUT
  0x00D6027E   (   60.00,  -150.00,   18.00)   (     60.00,   40938.00,   18.00)   OUT
  0x00D6027F   (   60.00,  -150.00,   18.00)   (     60.00,   40938.00,   18.00)   OUT
  0x00D60280   (   60.00,  -150.00,   18.00)   (     60.00,   40938.00,   18.00)   OUT
  0x00D60281   (   60.00,  -150.00,   18.00)   (     60.00,   40938.00,   18.00)   OUT
  0x00D60282   (   60.00,  -150.00,   18.00)   (     60.00,   40938.00,   18.00)   OUT
  0x00D60283   (   60.00,  -150.00,   18.00)   (     60.00,   40938.00,   18.00)   OUT
  0x00D60284   (   60.00,  -150.00,   18.00)   (     60.00,   40938.00,   18.00)   OUT
  0x00D60285   (   60.00,  -150.00,   18.00)   (     60.00,   40938.00,   18.00)   OUT
  0x00D60286   (   60.00,  -160.00,   18.00)   (     60.00,   40928.00,   18.00)   OUT
  0x00D60287   (   70.00,  -140.00,   18.00)   (     70.00,   40948.00,   18.00)   OUT
  0x00D60288   (   70.00,  -150.00,   18.00)   (     70.00,   40938.00,   18.00)   OUT
  0x00D60289   (   70.00,  -150.00,   18.00)   (     70.00,   40938.00,   18.00)   OUT
  0x00D6028A   (   70.00,  -150.00,   18.00)   (     70.00,   40938.00,   18.00)   OUT
  0x00D6028B   (   70.00,  -150.00,   18.00)   (     70.00,   40938.00,   18.00)   OUT
  0x00D6028C   (   70.00,  -150.00,   18.00)   (     70.00,   40938.00,   18.00)   OUT
  0x00D6028D   (   70.00,  -150.00,   18.00)   (     70.00,   40938.00,   18.00)   OUT
  0x00D6028E   (   70.00,  -150.00,   18.00)   (     70.00,   40938.00,   18.00)   OUT
  0x00D6028F   (   70.00,  -150.00,   18.00)   (     70.00,   40938.00,   18.00)   OUT
  0x00D60290   (   70.00,  -150.00,   18.00)   (     70.00,   40938.00,   18.00)   OUT
  0x00D60291   (   70.00,  -150.00,   18.00)   (     70.00,   40938.00,   18.00)   OUT
  0x00D60292   (   70.00,  -150.00,   18.00)   (     70.00,   40938.00,   18.00)   OUT
  0x00D60293   (   70.00,  -150.00,   18.00)   (     70.00,   40938.00,   18.00)   OUT
  0x00D60294   (   70.00,  -160.00,   18.00)   (     70.00,   40928.00,   18.00)   OUT
  0x00D60295   (  120.00,  -150.00,   18.00)   (    120.00,   40938.00,   18.00)   OUT
  0x00D60296   (    0.00,  -130.00,   24.00)   (      0.00,   40958.00,   24.00)   OUT
  0x00D60297   (    0.00,  -140.00,   24.00)   (      0.00,   40948.00,   24.00)   OUT
  0x00D60298   (    0.00,  -140.00,   24.00)   (      0.00,   40948.00,   24.00)   OUT
  0x00D60299   (    0.00,  -140.00,   24.00)   (      0.00,   40948.00,   24.00)   OUT
  0x00D6029A   (    0.00,  -140.00,   24.00)   (      0.00,   40948.00,   24.00)   OUT
  0x00D6029B   (    0.00,  -150.00,   24.00)   (      0.00,   40938.00,   24.00)   OUT
  0x00D6029C   (    0.00,  -150.00,   24.00)   (      0.00,   40938.00,   24.00)   OUT
  0x00D6029D   (   10.00,  -140.00,   24.00)   (     10.00,   40948.00,   24.00)   OUT
  0x00D6029E   (   10.00,  -140.00,   24.00)   (     10.00,   40948.00,   24.00)   OUT
  0x00D6029F   (   10.00,  -140.00,   24.00)   (     10.00,   40948.00,   24.00)   OUT
  0x00D602A0   (   10.00,  -140.00,   24.00)   (     10.00,   40948.00,   24.00)   OUT
  0x00D602A1   (   10.00,  -150.00,   24.00)   (     10.00,   40938.00,   24.00)   OUT
  0x00D602A2   (   10.00,  -150.00,   24.00)   (     10.00,   40938.00,   24.00)   OUT
  0x00D602A3   (   10.00,  -160.00,   24.00)   (     10.00,   40928.00,   24.00)   OUT
  0x00D602A4   (   10.00,  -160.00,   24.00)   (     10.00,   40928.00,   24.00)   OUT
  0x00D602A5   (   10.00,  -160.00,   24.00)   (     10.00,   40928.00,   24.00)   OUT
  0x00D602A6   (   10.00,  -160.00,   24.00)   (     10.00,   40928.00,   24.00)   OUT
  0x00D602A7   (   10.00,  -170.00,   24.00)   (     10.00,   40918.00,   24.00)   OUT
  0x00D602A8   (   20.00,  -130.00,   24.00)   (     20.00,   40958.00,   24.00)   OUT
  0x00D602A9   (   20.00,  -140.00,   24.00)   (     20.00,   40948.00,   24.00)   OUT
  0x00D602AA   (   20.00,  -140.00,   24.00)   (     20.00,   40948.00,   24.00)   OUT
  0x00D602AB   (   20.00,  -140.00,   24.00)   (     20.00,   40948.00,   24.00)   OUT
  0x00D602AC   (   20.00,  -140.00,   24.00)   (     20.00,   40948.00,   24.00)   OUT
  0x00D602AD   (   20.00,  -150.00,   24.00)   (     20.00,   40938.00,   24.00)   OUT
  0x00D602AE   (   20.00,  -150.00,   24.00)   (     20.00,   40938.00,   24.00)   OUT
  0x00D602AF   (   20.00,  -160.00,   24.00)   (     20.00,   40928.00,   24.00)   OUT
  0x00D602B0   (   20.00,  -160.00,   24.00)   (     20.00,   40928.00,   24.00)   OUT
  0x00D602B1   (   20.00,  -160.00,   24.00)   (     20.00,   40928.00,   24.00)   OUT
  0x00D602B2   (   20.00,  -160.00,   24.00)   (     20.00,   40928.00,   24.00)   OUT
  0x00D602B3   (   30.00,  -120.00,   24.00)   (     30.00,   40968.00,   24.00)   OUT
  0x00D602B4   (   30.00,  -130.00,   24.00)   (     30.00,   40958.00,   24.00)   OUT
  0x00D602B5   (   30.00,  -140.00,   24.00)   (     30.00,   40948.00,   24.00)   OUT
  0x00D602B6   (   30.00,  -140.00,   24.00)   (     30.00,   40948.00,   24.00)   OUT
  0x00D602B7   (   30.00,  -140.00,   24.00)   (     30.00,   40948.00,   24.00)   OUT
  0x00D602B8   (   30.00,  -140.00,   24.00)   (     30.00,   40948.00,   24.00)   OUT
  0x00D602B9   (   30.00,  -150.00,   24.00)   (     30.00,   40938.00,   24.00)   OUT
  0x00D602BA   (   30.00,  -150.00,   24.00)   (     30.00,   40938.00,   24.00)   OUT
  0x00D602BB   (   30.00,  -160.00,   24.00)   (     30.00,   40928.00,   24.00)   OUT
  0x00D602BC   (   30.00,  -160.00,   24.00)   (     30.00,   40928.00,   24.00)   OUT
  0x00D602BD   (   30.00,  -160.00,   24.00)   (     30.00,   40928.00,   24.00)   OUT
  0x00D602BE   (   30.00,  -160.00,   24.00)   (     30.00,   40928.00,   24.00)   OUT
  0x00D602BF   (   30.00,  -170.00,   24.00)   (     30.00,   40918.00,   24.00)   OUT
  0x00D602C0   (   40.00,  -120.00,   24.00)   (     40.00,   40968.00,   24.00)   OUT
  0x00D602C1   (   40.00,  -140.00,   24.00)   (     40.00,   40948.00,   24.00)   OUT
  0x00D602C2   (   40.00,  -140.00,   24.00)   (     40.00,   40948.00,   24.00)   OUT
  0x00D602C3   (   40.00,  -140.00,   24.00)   (     40.00,   40948.00,   24.00)   OUT
  0x00D602C4   (   40.00,  -150.00,   24.00)   (     40.00,   40938.00,   24.00)   OUT
  0x00D602C5   (   40.00,  -150.00,   24.00)   (     40.00,   40938.00,   24.00)   OUT
  0x00D602C6   (   40.00,  -150.00,   24.00)   (     40.00,   40938.00,   24.00)   OUT
  0x00D602C7   (   40.00,  -160.00,   24.00)   (     40.00,   40928.00,   24.00)   OUT
  0x00D602C8   (   40.00,  -160.00,   24.00)   (     40.00,   40928.00,   24.00)   OUT
  0x00D602C9   (   40.00,  -160.00,   24.00)   (     40.00,   40928.00,   24.00)   OUT
  0x00D602CA   (   40.00,  -160.00,   24.00)   (     40.00,   40928.00,   24.00)   OUT
  0x00D602CB   (   50.00,  -140.00,   24.00)   (     50.00,   40948.00,   24.00)   OUT
  0x00D602CC   (   50.00,  -150.00,   24.00)   (     50.00,   40938.00,   24.00)   OUT
  0x00D602CD   (   50.00,  -160.00,   24.00)   (     50.00,   40928.00,   24.00)   OUT
  0x00D602CE   (   60.00,  -130.00,   24.00)   (     60.00,   40958.00,   24.00)   OUT
  0x00D602CF   (   60.00,  -130.00,   24.00)   (     60.00,   40958.00,   24.00)   OUT
  0x00D602D0   (   60.00,  -140.00,   24.00)   (     60.00,   40948.00,   24.00)   OUT
  0x00D602D1   (   60.00,  -150.00,   24.00)   (     60.00,   40938.00,   24.00)   OUT
  0x00D602D2   (   60.00,  -160.00,   24.00)   (     60.00,   40928.00,   24.00)   OUT
  0x00D602D3   (   70.00,  -130.00,   24.00)   (     70.00,   40958.00,   24.00)   OUT
  0x00D602D4   (   70.00,  -140.00,   24.00)   (     70.00,   40948.00,   24.00)   OUT
  0x00D602D5   (   70.00,  -150.00,   24.00)   (     70.00,   40938.00,   24.00)   OUT
  0x00D602D6   (   70.00,  -160.00,   24.00)   (     70.00,   40928.00,   24.00)   OUT
  0x00D602D7   (   80.00,  -120.00,   24.00)   (     80.00,   40968.00,   24.00)   OUT
  0x00D602D8   (   80.00,  -130.00,   24.00)   (     80.00,   40958.00,   24.00)   OUT
  0x00D602D9   (   80.00,  -130.00,   24.00)   (     80.00,   40958.00,   24.00)   OUT
  0x00D602DA   (   80.00,  -130.00,   24.00)   (     80.00,   40958.00,   24.00)   OUT
  0x00D602DB   (   80.00,  -140.00,   24.00)   (     80.00,   40948.00,   24.00)   OUT
  0x00D602DC   (   80.00,  -150.00,   24.00)   (     80.00,   40938.00,   24.00)   OUT
  0x00D602DD   (   80.00,  -150.00,   24.00)   (     80.00,   40938.00,   24.00)   OUT
  0x00D602DE   (   80.00,  -150.00,   24.00)   (     80.00,   40938.00,   24.00)   OUT
  0x00D602DF   (   90.00,  -120.00,   24.00)   (     90.00,   40968.00,   24.00)   OUT
  0x00D602E0   (   90.00,  -130.00,   24.00)   (     90.00,   40958.00,   24.00)   OUT
  0x00D602E1   (    0.00,  -150.00,   30.00)   (      0.00,   40938.00,   30.00)   OUT
  0x00D602E2   (   50.00,  -140.00,   30.00)   (     50.00,   40948.00,   30.00)   OUT
  0x00D602E3   (   50.00,  -150.00,   30.00)   (     50.00,   40938.00,   30.00)   OUT
  0x00D602E4   (   50.00,  -150.00,   30.00)   (     50.00,   40938.00,   30.00)   OUT
  0x00D602E5   (   50.00,  -150.00,   30.00)   (     50.00,   40938.00,   30.00)   OUT
  0x00D602E6   (   50.00,  -150.00,   30.00)   (     50.00,   40938.00,   30.00)   OUT
  0x00D602E7   (   50.00,  -150.00,   30.00)   (     50.00,   40938.00,   30.00)   OUT
  0x00D602E8   (   50.00,  -150.00,   30.00)   (     50.00,   40938.00,   30.00)   OUT
  0x00D602E9   (   50.00,  -150.00,   30.00)   (     50.00,   40938.00,   30.00)   OUT
  0x00D602EA   (   50.00,  -150.00,   30.00)   (     50.00,   40938.00,   30.00)   OUT
  0x00D602EB   (   50.00,  -150.00,   30.00)   (     50.00,   40938.00,   30.00)   OUT
  0x00D602EC   (   50.00,  -150.00,   30.00)   (     50.00,   40938.00,   30.00)   OUT
  0x00D602ED   (   50.00,  -150.00,   30.00)   (     50.00,   40938.00,   30.00)   OUT
  0x00D602EE   (   50.00,  -150.00,   30.00)   (     50.00,   40938.00,   30.00)   OUT
  0x00D602EF   (   50.00,  -160.00,   30.00)   (     50.00,   40928.00,   30.00)   OUT
  0x00D602F0   (   60.00,  -140.00,   30.00)   (     60.00,   40948.00,   30.00)   OUT
  0x00D602F1   (   60.00,  -150.00,   30.00)   (     60.00,   40938.00,   30.00)   OUT
  0x00D602F2   (   60.00,  -150.00,   30.00)   (     60.00,   40938.00,   30.00)   OUT
  0x00D602F3   (   60.00,  -150.00,   30.00)   (     60.00,   40938.00,   30.00)   OUT
  0x00D602F4   (   60.00,  -150.00,   30.00)   (     60.00,   40938.00,   30.00)   OUT
  0x00D602F5   (   60.00,  -150.00,   30.00)   (     60.00,   40938.00,   30.00)   OUT
  0x00D602F6   (   60.00,  -150.00,   30.00)   (     60.00,   40938.00,   30.00)   OUT
  0x00D602F7   (   60.00,  -150.00,   30.00)   (     60.00,   40938.00,   30.00)   OUT
  0x00D602F8   (   60.00,  -150.00,   30.00)   (     60.00,   40938.00,   30.00)   OUT
  0x00D602F9   (   60.00,  -150.00,   30.00)   (     60.00,   40938.00,   30.00)   OUT
  0x00D602FA   (   60.00,  -160.00,   30.00)   (     60.00,   40928.00,   30.00)   OUT
  0x00D602FB   (   60.00,  -170.00,   30.00)   (     60.00,   40918.00,   30.00)   OUT
  0x00D602FC   (   60.00,  -170.00,   30.00)   (     60.00,   40918.00,   30.00)   OUT
  0x00D602FD   (   60.00,  -170.00,   30.00)   (     60.00,   40918.00,   30.00)   OUT
  0x00D602FE   (   70.00,  -140.00,   30.00)   (     70.00,   40948.00,   30.00)   OUT
  0x00D602FF   (   70.00,  -150.00,   30.00)   (     70.00,   40938.00,   30.00)   OUT
  0x00D60300   (   70.00,  -150.00,   30.00)   (     70.00,   40938.00,   30.00)   OUT
  0x00D60301   (   70.00,  -150.00,   30.00)   (     70.00,   40938.00,   30.00)   OUT
  0x00D60302   (   70.00,  -150.00,   30.00)   (     70.00,   40938.00,   30.00)   OUT
  0x00D60303   (   70.00,  -150.00,   30.00)   (     70.00,   40938.00,   30.00)   OUT
  0x00D60304   (   70.00,  -150.00,   30.00)   (     70.00,   40938.00,   30.00)   OUT
  0x00D60305   (   70.00,  -150.00,   30.00)   (     70.00,   40938.00,   30.00)   OUT
  0x00D60306   (   70.00,  -150.00,   30.00)   (     70.00,   40938.00,   30.00)   OUT
  0x00D60307   (   70.00,  -150.00,   30.00)   (     70.00,   40938.00,   30.00)   OUT
  0x00D60308   (   70.00,  -150.00,   30.00)   (     70.00,   40938.00,   30.00)   OUT
  0x00D60309   (   70.00,  -150.00,   30.00)   (     70.00,   40938.00,   30.00)   OUT
  0x00D6030A   (   70.00,  -150.00,   30.00)   (     70.00,   40938.00,   30.00)   OUT
  0x00D6030B   (   70.00,  -160.00,   30.00)   (     70.00,   40928.00,   30.00)   OUT
  0x00D6030C   (   70.00,  -170.00,   30.00)   (     70.00,   40918.00,   30.00)   OUT
  0x00D6030D   (   80.00,  -120.00,   30.00)   (     80.00,   40968.00,   30.00)   OUT
  0x00D6030E   (   80.00,  -150.00,   30.00)   (     80.00,   40938.00,   30.00)   OUT
  0x00D6030F   (   80.00,  -150.00,   30.00)   (     80.00,   40938.00,   30.00)   OUT
  0x00D60310   (   80.00,  -160.00,   30.00)   (     80.00,   40928.00,   30.00)   OUT
  0x00D60311   (   80.00,  -170.00,   30.00)   (     80.00,   40918.00,   30.00)   OUT
  0x00D60312   (   80.00,  -170.00,   30.00)   (     80.00,   40918.00,   30.00)   OUT
  0x00D60313   (   80.00,  -170.00,   30.00)   (     80.00,   40918.00,   30.00)   OUT
  0x00D60314   (   80.00,  -180.00,   30.00)   (     80.00,   40908.00,   30.00)   OUT
  0x00D60315   (   90.00,  -120.00,   30.00)   (     90.00,   40968.00,   30.00)   OUT
  0x00D60316   (   90.00,  -130.00,   30.00)   (     90.00,   40958.00,   30.00)   OUT
  0x00D60317   (   90.00,  -170.00,   30.00)   (     90.00,   40918.00,   30.00)   OUT
  0x00D60318   (   90.00,  -180.00,   30.00)   (     90.00,   40908.00,   30.00)   OUT
  0x00D60319   (   30.00,  -170.00,   36.00)   (     30.00,   40918.00,   36.00)   OUT
  0x00D6031A   (   30.00,  -180.00,   36.00)   (     30.00,   40908.00,   36.00)   OUT
  0x00D6031B   (   40.00,  -150.00,   36.00)   (     40.00,   40938.00,   36.00)   OUT
  0x00D6031C   (   40.00,  -150.00,   36.00)   (     40.00,   40938.00,   36.00)   OUT
  0x00D6031D   (   40.00,  -150.00,   36.00)   (     40.00,   40938.00,   36.00)   OUT
  0x00D6031E   (   40.00,  -160.00,   36.00)   (     40.00,   40928.00,   36.00)   OUT
  0x00D6031F   (   40.00,  -170.00,   36.00)   (     40.00,   40918.00,   36.00)   OUT
  0x00D60320   (   40.00,  -170.00,   36.00)   (     40.00,   40918.00,   36.00)   OUT
  0x00D60321   (   40.00,  -170.00,   36.00)   (     40.00,   40918.00,   36.00)   OUT
  0x00D60322   (   40.00,  -180.00,   36.00)   (     40.00,   40908.00,   36.00)   OUT
  0x00D60323   (   50.00,  -140.00,   36.00)   (     50.00,   40948.00,   36.00)   OUT
  0x00D60324   (   50.00,  -140.00,   36.00)   (     50.00,   40948.00,   36.00)   OUT
  0x00D60325   (   50.00,  -140.00,   36.00)   (     50.00,   40948.00,   36.00)   OUT
  0x00D60326   (   50.00,  -140.00,   36.00)   (     50.00,   40948.00,   36.00)   OUT
  0x00D60327   (   50.00,  -150.00,   36.00)   (     50.00,   40938.00,   36.00)   OUT
  0x00D60328   (   50.00,  -160.00,   36.00)   (     50.00,   40928.00,   36.00)   OUT
  0x00D60329   (   50.00,  -170.00,   36.00)   (     50.00,   40918.00,   36.00)   OUT
  0x00D6032A   (   60.00,  -130.00,   36.00)   (     60.00,   40958.00,   36.00)   OUT
  0x00D6032B   (   60.00,  -130.00,   36.00)   (     60.00,   40958.00,   36.00)   OUT
  0x00D6032C   (   60.00,  -140.00,   36.00)   (     60.00,   40948.00,   36.00)   OUT
  0x00D6032D   (   60.00,  -140.00,   36.00)   (     60.00,   40948.00,   36.00)   OUT
  0x00D6032E   (   60.00,  -140.00,   36.00)   (     60.00,   40948.00,   36.00)   OUT
  0x00D6032F   (   60.00,  -140.00,   36.00)   (     60.00,   40948.00,   36.00)   OUT
  0x00D60330   (   60.00,  -140.00,   36.00)   (     60.00,   40948.00,   36.00)   OUT
  0x00D60331   (   60.00,  -140.00,   36.00)   (     60.00,   40948.00,   36.00)   OUT
  0x00D60332   (   60.00,  -150.00,   36.00)   (     60.00,   40938.00,   36.00)   OUT
  0x00D60333   (   60.00,  -160.00,   36.00)   (     60.00,   40928.00,   36.00)   OUT
  0x00D60334   (   60.00,  -170.00,   36.00)   (     60.00,   40918.00,   36.00)   OUT
  0x00D60335   (   60.00,  -170.00,   36.00)   (     60.00,   40918.00,   36.00)   OUT
  0x00D60336   (   70.00,  -140.00,   36.00)   (     70.00,   40948.00,   36.00)   OUT
  0x00D60337   (   70.00,  -140.00,   36.00)   (     70.00,   40948.00,   36.00)   OUT
  0x00D60338   (   70.00,  -140.00,   36.00)   (     70.00,   40948.00,   36.00)   OUT
  0x00D60339   (   70.00,  -140.00,   36.00)   (     70.00,   40948.00,   36.00)   OUT
  0x00D6033A   (   70.00,  -150.00,   36.00)   (     70.00,   40938.00,   36.00)   OUT
  0x00D6033B   (   70.00,  -160.00,   36.00)   (     70.00,   40928.00,   36.00)   OUT
  0x00D6033C   (   80.00,  -140.00,   36.00)   (     80.00,   40948.00,   36.00)   OUT
  0x00D6033D   (   80.00,  -140.00,   36.00)   (     80.00,   40948.00,   36.00)   OUT
  0x00D6033E   (   80.00,  -140.00,   36.00)   (     80.00,   40948.00,   36.00)   OUT
  0x00D6033F   (   80.00,  -140.00,   36.00)   (     80.00,   40948.00,   36.00)   OUT
  0x00D60340   (   80.00,  -150.00,   36.00)   (     80.00,   40938.00,   36.00)   OUT
  0x00D60341   (   80.00,  -150.00,   36.00)   (     80.00,   40938.00,   36.00)   OUT
  0x00D60342   (   80.00,  -150.00,   36.00)   (     80.00,   40938.00,   36.00)   OUT
  0x00D60343   (   80.00,  -160.00,   36.00)   (     80.00,   40928.00,   36.00)   OUT
  0x00D60344   (   80.00,  -160.00,   36.00)   (     80.00,   40928.00,   36.00)   OUT
  0x00D60345   (   80.00,  -160.00,   36.00)   (     80.00,   40928.00,   36.00)   OUT
  0x00D60346   (   80.00,  -180.00,   36.00)   (     80.00,   40908.00,   36.00)   OUT
  0x00D60347   (   90.00,  -130.00,   36.00)   (     90.00,   40958.00,   36.00)   OUT
  0x00D60348   (   90.00,  -140.00,   36.00)   (     90.00,   40948.00,   36.00)   OUT
  0x00D60349   (   90.00,  -140.00,   36.00)   (     90.00,   40948.00,   36.00)   OUT
  0x00D6034A   (   90.00,  -140.00,   36.00)   (     90.00,   40948.00,   36.00)   OUT
  0x00D6034B   (   90.00,  -140.00,   36.00)   (     90.00,   40948.00,   36.00)   OUT
  0x00D6034C   (   90.00,  -150.00,   36.00)   (     90.00,   40938.00,   36.00)   OUT
  0x00D6034D   (   90.00,  -150.00,   36.00)   (     90.00,   40938.00,   36.00)   OUT
  0x00D6034E   (   90.00,  -160.00,   36.00)   (     90.00,   40928.00,   36.00)   OUT
  0x00D6034F   (   90.00,  -160.00,   36.00)   (     90.00,   40928.00,   36.00)   OUT
  0x00D60350   (   90.00,  -160.00,   36.00)   (     90.00,   40928.00,   36.00)   OUT
  0x00D60351   (   90.00,  -160.00,   36.00)   (     90.00,   40928.00,   36.00)   OUT
  0x00D60352   (   90.00,  -170.00,   36.00)   (     90.00,   40918.00,   36.00)   OUT
  0x00D60353   (   90.00,  -180.00,   36.00)   (     90.00,   40908.00,   36.00)   OUT
  0x00D60354   (  100.00,  -140.00,   36.00)   (    100.00,   40948.00,   36.00)   OUT
  0x00D60355   (  100.00,  -140.00,   36.00)   (    100.00,   40948.00,   36.00)   OUT
  0x00D60356   (  100.00,  -140.00,   36.00)   (    100.00,   40948.00,   36.00)   OUT
  0x00D60357   (  100.00,  -140.00,   36.00)   (    100.00,   40948.00,   36.00)   OUT
  0x00D60358   (  100.00,  -150.00,   36.00)   (    100.00,   40938.00,   36.00)   OUT
  0x00D60359   (  100.00,  -150.00,   36.00)   (    100.00,   40938.00,   36.00)   OUT
  0x00D6035A   (  100.00,  -160.00,   36.00)   (    100.00,   40928.00,   36.00)   OUT
  0x00D6035B   (  100.00,  -160.00,   36.00)   (    100.00,   40928.00,   36.00)   OUT
  0x00D6035C   (  100.00,  -160.00,   36.00)   (    100.00,   40928.00,   36.00)   OUT
  0x00D6035D   (  100.00,  -160.00,   36.00)   (    100.00,   40928.00,   36.00)   OUT
  0x00D6035E   (  100.00,  -170.00,   36.00)   (    100.00,   40918.00,   36.00)   OUT
  0x00D6035F   (  110.00,  -130.00,   36.00)   (    110.00,   40958.00,   36.00)   OUT
  0x00D60360   (  110.00,  -140.00,   36.00)   (    110.00,   40948.00,   36.00)   OUT
  0x00D60361   (  110.00,  -140.00,   36.00)   (    110.00,   40948.00,   36.00)   OUT
  0x00D60362   (  110.00,  -140.00,   36.00)   (    110.00,   40948.00,   36.00)   OUT
  0x00D60363   (  110.00,  -140.00,   36.00)   (    110.00,   40948.00,   36.00)   OUT
  0x00D60364   (  110.00,  -150.00,   36.00)   (    110.00,   40938.00,   36.00)   OUT
  0x00D60365   (  110.00,  -150.00,   36.00)   (    110.00,   40938.00,   36.00)   OUT
  0x00D60366   (  110.00,  -160.00,   36.00)   (    110.00,   40928.00,   36.00)   OUT
  0x00D60367   (  110.00,  -160.00,   36.00)   (    110.00,   40928.00,   36.00)   OUT
  0x00D60368   (  110.00,  -160.00,   36.00)   (    110.00,   40928.00,   36.00)   OUT
  0x00D60369   (  110.00,  -160.00,   36.00)   (    110.00,   40928.00,   36.00)   OUT
  0x00D6036A   (  120.00,  -150.00,   36.00)   (    120.00,   40938.00,   36.00)   OUT
  0x00D6036B   (  120.00,  -150.00,   36.00)   (    120.00,   40938.00,   36.00)   OUT
  0x00D6036C   (  120.00,  -160.00,   36.00)   (    120.00,   40928.00,   36.00)   OUT
  0x00D6036D   (  120.00,  -160.00,   36.00)   (    120.00,   40928.00,   36.00)   OUT
  0x00D6036E   (  120.00,  -160.00,   36.00)   (    120.00,   40928.00,   36.00)   OUT
  0x00D6036F   (  120.00,  -160.00,   36.00)   (    120.00,   40928.00,   36.00)   OUT
  0x00D60370   (  120.00,  -170.00,   36.00)   (    120.00,   40918.00,   36.00)   OUT
  0x00D60371   (   30.00,   -90.00,   42.00)   (     30.00,   40998.00,   42.00)   OUT
  0x00D60372   (   30.00,   -90.00,   42.00)   (     30.00,   40998.00,   42.00)   OUT
  0x00D60373   (   30.00,   -90.00,   42.00)   (     30.00,   40998.00,   42.00)   OUT
  0x00D60374   (   30.00,   -90.00,   42.00)   (     30.00,   40998.00,   42.00)   OUT
  0x00D60375   (   30.00,   -90.00,   42.00)   (     30.00,   40998.00,   42.00)   OUT
  0x00D60376   (   30.00,   -90.00,   42.00)   (     30.00,   40998.00,   42.00)   OUT
  0x00D60377   (   30.00,  -100.00,   42.00)   (     30.00,   40988.00,   42.00)   OUT
  0x00D60378   (   30.00,  -100.00,   42.00)   (     30.00,   40988.00,   42.00)   OUT
  0x00D60379   (   30.00,  -100.00,   42.00)   (     30.00,   40988.00,   42.00)   OUT
  0x00D6037A   (   30.00,  -100.00,   42.00)   (     30.00,   40988.00,   42.00)   OUT
  0x00D6037B   (   30.00,  -100.00,   42.00)   (     30.00,   40988.00,   42.00)   OUT
  0x00D6037C   (   30.00,  -100.00,   42.00)   (     30.00,   40988.00,   42.00)   OUT
  0x00D6037D   (   30.00,  -100.00,   42.00)   (     30.00,   40988.00,   42.00)   OUT
  0x00D6037E   (   30.00,  -100.00,   42.00)   (     30.00,   40988.00,   42.00)   OUT
  0x00D6037F   (   30.00,  -100.00,   42.00)   (     30.00,   40988.00,   42.00)   OUT
  0x00D60380   (   30.00,  -100.00,   42.00)   (     30.00,   40988.00,   42.00)   OUT
  0x00D60381   (   30.00,  -170.00,   42.00)   (     30.00,   40918.00,   42.00)   OUT
  0x00D60382   (   30.00,  -180.00,   42.00)   (     30.00,   40908.00,   42.00)   OUT
  0x00D60383   (   40.00,   -90.00,   42.00)   (     40.00,   40998.00,   42.00)   OUT
  0x00D60384   (   40.00,  -100.00,   42.00)   (     40.00,   40988.00,   42.00)   OUT
  0x00D60385   (   40.00,  -100.00,   42.00)   (     40.00,   40988.00,   42.00)   OUT
  0x00D60386   (   40.00,  -100.00,   42.00)   (     40.00,   40988.00,   42.00)   OUT
  0x00D60387   (   40.00,  -100.00,   42.00)   (     40.00,   40988.00,   42.00)   OUT
  0x00D60388   (   40.00,  -100.00,   42.00)   (     40.00,   40988.00,   42.00)   OUT
  0x00D60389   (   40.00,  -100.00,   42.00)   (     40.00,   40988.00,   42.00)   OUT
  0x00D6038A   (   40.00,  -180.00,   42.00)   (     40.00,   40908.00,   42.00)   OUT
  0x00D6038B   (   50.00,   -90.00,   42.00)   (     50.00,   40998.00,   42.00)   OUT
  0x00D6038C   (   50.00,  -100.00,   42.00)   (     50.00,   40988.00,   42.00)   OUT
  0x00D6038D   (   50.00,  -100.00,   42.00)   (     50.00,   40988.00,   42.00)   OUT
  0x00D6038E   (   50.00,  -100.00,   42.00)   (     50.00,   40988.00,   42.00)   OUT
  0x00D6038F   (   50.00,  -100.00,   42.00)   (     50.00,   40988.00,   42.00)   OUT
  0x00D60390   (   50.00,  -110.00,   42.00)   (     50.00,   40978.00,   42.00)   OUT
  0x00D60391   (   50.00,  -110.00,   42.00)   (     50.00,   40978.00,   42.00)   OUT
  0x00D60392   (   50.00,  -110.00,   42.00)   (     50.00,   40978.00,   42.00)   OUT
  0x00D60393   (   50.00,  -110.00,   42.00)   (     50.00,   40978.00,   42.00)   OUT
  0x00D60394   (   50.00,  -110.00,   42.00)   (     50.00,   40978.00,   42.00)   OUT
  0x00D60395   (   50.00,  -110.00,   42.00)   (     50.00,   40978.00,   42.00)   OUT
  0x00D60396   (   50.00,  -120.00,   42.00)   (     50.00,   40968.00,   42.00)   OUT
  0x00D60397   (   50.00,  -120.00,   42.00)   (     50.00,   40968.00,   42.00)   OUT
  0x00D60398   (   50.00,  -120.00,   42.00)   (     50.00,   40968.00,   42.00)   OUT
  0x00D60399   (   50.00,  -120.00,   42.00)   (     50.00,   40968.00,   42.00)   OUT
  0x00D6039A   (   50.00,  -120.00,   42.00)   (     50.00,   40968.00,   42.00)   OUT
  0x00D6039B   (   50.00,  -120.00,   42.00)   (     50.00,   40968.00,   42.00)   OUT
  0x00D6039C   (   50.00,  -120.00,   42.00)   (     50.00,   40968.00,   42.00)   OUT
  0x00D6039D   (   50.00,  -120.00,   42.00)   (     50.00,   40968.00,   42.00)   OUT
  0x00D6039E   (   50.00,  -120.00,   42.00)   (     50.00,   40968.00,   42.00)   OUT
  0x00D6039F   (   50.00,  -120.00,   42.00)   (     50.00,   40968.00,   42.00)   OUT
  0x00D603A0   (   50.00,  -140.00,   42.00)   (     50.00,   40948.00,   42.00)   OUT
  0x00D603A1   (   50.00,  -150.00,   42.00)   (     50.00,   40938.00,   42.00)   OUT
  0x00D603A2   (   50.00,  -160.00,   42.00)   (     50.00,   40928.00,   42.00)   OUT
  0x00D603A3   (   60.00,   -90.00,   42.00)   (     60.00,   40998.00,   42.00)   OUT
  0x00D603A4   (   60.00,  -100.00,   42.00)   (     60.00,   40988.00,   42.00)   OUT
  0x00D603A5   (   60.00,  -110.00,   42.00)   (     60.00,   40978.00,   42.00)   OUT
  0x00D603A6   (   60.00,  -120.00,   42.00)   (     60.00,   40968.00,   42.00)   OUT
  0x00D603A7   (   60.00,  -120.00,   42.00)   (     60.00,   40968.00,   42.00)   OUT
  0x00D603A8   (   60.00,  -120.00,   42.00)   (     60.00,   40968.00,   42.00)   OUT
  0x00D603A9   (   60.00,  -120.00,   42.00)   (     60.00,   40968.00,   42.00)   OUT
  0x00D603AA   (   60.00,  -120.00,   42.00)   (     60.00,   40968.00,   42.00)   OUT
  0x00D603AB   (   60.00,  -120.00,   42.00)   (     60.00,   40968.00,   42.00)   OUT
  0x00D603AC   (   60.00,  -130.00,   42.00)   (     60.00,   40958.00,   42.00)   OUT
  0x00D603AD   (   60.00,  -140.00,   42.00)   (     60.00,   40948.00,   42.00)   OUT
  0x00D603AE   (   60.00,  -150.00,   42.00)   (     60.00,   40938.00,   42.00)   OUT
  0x00D603AF   (   60.00,  -160.00,   42.00)   (     60.00,   40928.00,   42.00)   OUT
  0x00D603B0   (   70.00,   -90.00,   42.00)   (     70.00,   40998.00,   42.00)   OUT
  0x00D603B1   (   70.00,  -100.00,   42.00)   (     70.00,   40988.00,   42.00)   OUT
  0x00D603B2   (   70.00,  -100.00,   42.00)   (     70.00,   40988.00,   42.00)   OUT
  0x00D603B3   (   70.00,  -100.00,   42.00)   (     70.00,   40988.00,   42.00)   OUT
  0x00D603B4   (   70.00,  -100.00,   42.00)   (     70.00,   40988.00,   42.00)   OUT
  0x00D603B5   (   70.00,  -110.00,   42.00)   (     70.00,   40978.00,   42.00)   OUT
  0x00D603B6   (   70.00,  -110.00,   42.00)   (     70.00,   40978.00,   42.00)   OUT
  0x00D603B7   (   70.00,  -110.00,   42.00)   (     70.00,   40978.00,   42.00)   OUT
  0x00D603B8   (   70.00,  -110.00,   42.00)   (     70.00,   40978.00,   42.00)   OUT
  0x00D603B9   (   70.00,  -110.00,   42.00)   (     70.00,   40978.00,   42.00)   OUT
  0x00D603BA   (   70.00,  -110.00,   42.00)   (     70.00,   40978.00,   42.00)   OUT
  0x00D603BB   (   70.00,  -120.00,   42.00)   (     70.00,   40968.00,   42.00)   OUT
  0x00D603BC   (   70.00,  -120.00,   42.00)   (     70.00,   40968.00,   42.00)   OUT
  0x00D603BD   (   70.00,  -120.00,   42.00)   (     70.00,   40968.00,   42.00)   OUT
  0x00D603BE   (   70.00,  -120.00,   42.00)   (     70.00,   40968.00,   42.00)   OUT
  0x00D603BF   (   70.00,  -120.00,   42.00)   (     70.00,   40968.00,   42.00)   OUT
  0x00D603C0   (   70.00,  -120.00,   42.00)   (     70.00,   40968.00,   42.00)   OUT
  0x00D603C1   (   70.00,  -120.00,   42.00)   (     70.00,   40968.00,   42.00)   OUT
  0x00D603C2   (   70.00,  -120.00,   42.00)   (     70.00,   40968.00,   42.00)   OUT
  0x00D603C3   (   70.00,  -120.00,   42.00)   (     70.00,   40968.00,   42.00)   OUT
  0x00D603C4   (   70.00,  -120.00,   42.00)   (     70.00,   40968.00,   42.00)   OUT
  0x00D603C5   (   70.00,  -140.00,   42.00)   (     70.00,   40948.00,   42.00)   OUT
  0x00D603C6   (   70.00,  -150.00,   42.00)   (     70.00,   40938.00,   42.00)   OUT
  0x00D603C7   (   70.00,  -160.00,   42.00)   (     70.00,   40928.00,   42.00)   OUT
  0x00D603C8   (   80.00,   -90.00,   42.00)   (     80.00,   40998.00,   42.00)   OUT
  0x00D603C9   (   80.00,  -100.00,   42.00)   (     80.00,   40988.00,   42.00)   OUT
  0x00D603CA   (   80.00,  -100.00,   42.00)   (     80.00,   40988.00,   42.00)   OUT
  0x00D603CB   (   80.00,  -100.00,   42.00)   (     80.00,   40988.00,   42.00)   OUT
  0x00D603CC   (   80.00,  -100.00,   42.00)   (     80.00,   40988.00,   42.00)   OUT
  0x00D603CD   (   80.00,  -100.00,   42.00)   (     80.00,   40988.00,   42.00)   OUT
  0x00D603CE   (   80.00,  -100.00,   42.00)   (     80.00,   40988.00,   42.00)   OUT
  0x00D603CF   (   90.00,   -90.00,   42.00)   (     90.00,   40998.00,   42.00)   OUT
  0x00D603D0   (   90.00,   -90.00,   42.00)   (     90.00,   40998.00,   42.00)   OUT
  0x00D603D1   (   90.00,   -90.00,   42.00)   (     90.00,   40998.00,   42.00)   OUT
  0x00D603D2   (   90.00,   -90.00,   42.00)   (     90.00,   40998.00,   42.00)   OUT
  0x00D603D3   (   90.00,   -90.00,   42.00)   (     90.00,   40998.00,   42.00)   OUT
  0x00D603D4   (   90.00,   -90.00,   42.00)   (     90.00,   40998.00,   42.00)   OUT
  0x00D603D5   (   90.00,  -100.00,   42.00)   (     90.00,   40988.00,   42.00)   OUT
  0x00D603D6   (   90.00,  -100.00,   42.00)   (     90.00,   40988.00,   42.00)   OUT
  0x00D603D7   (   90.00,  -100.00,   42.00)   (     90.00,   40988.00,   42.00)   OUT
  0x00D603D8   (   90.00,  -100.00,   42.00)   (     90.00,   40988.00,   42.00)   OUT
  0x00D603D9   (   90.00,  -100.00,   42.00)   (     90.00,   40988.00,   42.00)   OUT
  0x00D603DA   (   90.00,  -100.00,   42.00)   (     90.00,   40988.00,   42.00)   OUT
  0x00D603DB   (   90.00,  -100.00,   42.00)   (     90.00,   40988.00,   42.00)   OUT
  0x00D603DC   (   90.00,  -100.00,   42.00)   (     90.00,   40988.00,   42.00)   OUT
  0x00D603DD   (   90.00,  -100.00,   42.00)   (     90.00,   40988.00,   42.00)   OUT
  0x00D603DE   (   90.00,  -100.00,   42.00)   (     90.00,   40988.00,   42.00)   OUT
  0x00D603DF   (  120.00,  -150.00,   42.00)   (    120.00,   40938.00,   42.00)   OUT
  0x00D603E0   (   20.00,  -100.00,   48.00)   (     20.00,   40988.00,   48.00)   OUT
  0x00D603E1   (   30.00,   -80.00,   48.00)   (     30.00,   41008.00,   48.00)   OUT
  0x00D603E2   (   30.00,   -90.00,   48.00)   (     30.00,   40998.00,   48.00)   OUT
  0x00D603E3   (   30.00,  -100.00,   48.00)   (     30.00,   40988.00,   48.00)   OUT
  0x00D603E4   (   30.00,  -110.00,   48.00)   (     30.00,   40978.00,   48.00)   OUT
  0x00D603E5   (   40.00,   -90.00,   48.00)   (     40.00,   40998.00,   48.00)   OUT
  0x00D603E6   (   40.00,  -100.00,   48.00)   (     40.00,   40988.00,   48.00)   OUT
  0x00D603E7   (   40.00,  -120.00,   48.00)   (     40.00,   40968.00,   48.00)   OUT
  0x00D603E8   (   40.00,  -120.00,   48.00)   (     40.00,   40968.00,   48.00)   OUT
  0x00D603E9   (   40.00,  -120.00,   48.00)   (     40.00,   40968.00,   48.00)   OUT
  0x00D603EA   (   50.00,   -80.00,   48.00)   (     50.00,   41008.00,   48.00)   OUT
  0x00D603EB   (   50.00,   -80.00,   48.00)   (     50.00,   41008.00,   48.00)   OUT
  0x00D603EC   (   50.00,   -80.00,   48.00)   (     50.00,   41008.00,   48.00)   OUT
  0x00D603ED   (   50.00,   -90.00,   48.00)   (     50.00,   40998.00,   48.00)   OUT
  0x00D603EE   (   50.00,  -100.00,   48.00)   (     50.00,   40988.00,   48.00)   OUT
  0x00D603EF   (   50.00,  -110.00,   48.00)   (     50.00,   40978.00,   48.00)   OUT
  0x00D603F0   (   50.00,  -120.00,   48.00)   (     50.00,   40968.00,   48.00)   OUT
  0x00D603F1   (   50.00,  -130.00,   48.00)   (     50.00,   40958.00,   48.00)   OUT
  0x00D603F2   (   60.00,   -70.00,   48.00)   (     60.00,   41018.00,   48.00)   OUT
  0x00D603F3   (   60.00,   -70.00,   48.00)   (     60.00,   41018.00,   48.00)   OUT
  0x00D603F4   (   60.00,   -80.00,   48.00)   (     60.00,   41008.00,   48.00)   OUT
  0x00D603F5   (   60.00,   -90.00,   48.00)   (     60.00,   40998.00,   48.00)   OUT
  0x00D603F6   (   60.00,  -100.00,   48.00)   (     60.00,   40988.00,   48.00)   OUT
  0x00D603F7   (   60.00,  -110.00,   48.00)   (     60.00,   40978.00,   48.00)   OUT
  0x00D603F8   (   60.00,  -120.00,   48.00)   (     60.00,   40968.00,   48.00)   OUT
  0x00D603F9   (   60.00,  -130.00,   48.00)   (     60.00,   40958.00,   48.00)   OUT
  0x00D603FA   (   60.00,  -130.00,   48.00)   (     60.00,   40958.00,   48.00)   OUT
  0x00D603FB   (   70.00,   -80.00,   48.00)   (     70.00,   41008.00,   48.00)   OUT
  0x00D603FC   (   70.00,   -80.00,   48.00)   (     70.00,   41008.00,   48.00)   OUT
  0x00D603FD   (   70.00,   -80.00,   48.00)   (     70.00,   41008.00,   48.00)   OUT
  0x00D603FE   (   70.00,   -90.00,   48.00)   (     70.00,   40998.00,   48.00)   OUT
  0x00D603FF   (   70.00,  -100.00,   48.00)   (     70.00,   40988.00,   48.00)   OUT
  0x00D60400   (   70.00,  -110.00,   48.00)   (     70.00,   40978.00,   48.00)   OUT
  0x00D60401   (   70.00,  -120.00,   48.00)   (     70.00,   40968.00,   48.00)   OUT
  0x00D60402   (   70.00,  -130.00,   48.00)   (     70.00,   40958.00,   48.00)   OUT
  0x00D60403   (   80.00,   -90.00,   48.00)   (     80.00,   40998.00,   48.00)   OUT
  0x00D60404   (   80.00,  -100.00,   48.00)   (     80.00,   40988.00,   48.00)   OUT
  0x00D60405   (   80.00,  -120.00,   48.00)   (     80.00,   40968.00,   48.00)   OUT
  0x00D60406   (   80.00,  -120.00,   48.00)   (     80.00,   40968.00,   48.00)   OUT
  0x00D60407   (   80.00,  -120.00,   48.00)   (     80.00,   40968.00,   48.00)   OUT
  0x00D60408   (   90.00,   -80.00,   48.00)   (     90.00,   41008.00,   48.00)   OUT
  0x00D60409   (   90.00,   -90.00,   48.00)   (     90.00,   40998.00,   48.00)   OUT
  0x00D6040A   (   90.00,  -100.00,   48.00)   (     90.00,   40988.00,   48.00)   OUT
  0x00D6040B   (   90.00,  -110.00,   48.00)   (     90.00,   40978.00,   48.00)   OUT
  0x00D6040C   (  100.00,  -100.00,   48.00)   (    100.00,   40988.00,   48.00)   OUT
  0x00D6040D   (   30.00,   -90.00,   54.00)   (     30.00,   40998.00,   54.00)   OUT
  0x00D6040E   (   30.00,  -100.00,   54.00)   (     30.00,   40988.00,   54.00)   OUT
  0x00D6040F   (   40.00,   -90.00,   54.00)   (     40.00,   40998.00,   54.00)   OUT
  0x00D60410   (   40.00,  -100.00,   54.00)   (     40.00,   40988.00,   54.00)   OUT
  0x00D60411   (   50.00,   -90.00,   54.00)   (     50.00,   40998.00,   54.00)   OUT
  0x00D60412   (   50.00,  -100.00,   54.00)   (     50.00,   40988.00,   54.00)   OUT
  0x00D60413   (   50.00,  -110.00,   54.00)   (     50.00,   40978.00,   54.00)   OUT
  0x00D60414   (   50.00,  -120.00,   54.00)   (     50.00,   40968.00,   54.00)   OUT
  0x00D60415   (   60.00,   -70.00,   54.00)   (     60.00,   41018.00,   54.00)   OUT
  0x00D60416   (   60.00,   -90.00,   54.00)   (     60.00,   40998.00,   54.00)   OUT
  0x00D60417   (   60.00,  -100.00,   54.00)   (     60.00,   40988.00,   54.00)   OUT
  0x00D60418   (   60.00,  -110.00,   54.00)   (     60.00,   40978.00,   54.00)   OUT
  0x00D60419   (   60.00,  -120.00,   54.00)   (     60.00,   40968.00,   54.00)   OUT
  0x00D6041A   (   60.00,  -130.00,   54.00)   (     60.00,   40958.00,   54.00)   OUT
  0x00D6041B   (   70.00,   -90.00,   54.00)   (     70.00,   40998.00,   54.00)   OUT
  0x00D6041C   (   70.00,  -100.00,   54.00)   (     70.00,   40988.00,   54.00)   OUT
  0x00D6041D   (   70.00,  -110.00,   54.00)   (     70.00,   40978.00,   54.00)   OUT
  0x00D6041E   (   70.00,  -120.00,   54.00)   (     70.00,   40968.00,   54.00)   OUT
  0x00D6041F   (   80.00,     0.00,   54.00)   (     80.00,   41088.00,   54.00)   IN
  0x00D60420   (   80.00,   -10.00,   54.00)   (     80.00,   41078.00,   54.00)   OUT
  0x00D60421   (   80.00,   -20.00,   54.00)   (     80.00,   41068.00,   54.00)   OUT
  0x00D60422   (   80.00,   -90.00,   54.00)   (     80.00,   40998.00,   54.00)   OUT
  0x00D60423   (   80.00,  -100.00,   54.00)   (     80.00,   40988.00,   54.00)   OUT
  0x00D60424   (   90.00,     0.00,   54.00)   (     90.00,   41088.00,   54.00)   IN
  0x00D60425   (   90.00,   -10.00,   54.00)   (     90.00,   41078.00,   54.00)   OUT
  0x00D60426   (   90.00,   -20.00,   54.00)   (     90.00,   41068.00,   54.00)   OUT
  0x00D60427   (   90.00,   -30.00,   54.00)   (     90.00,   41058.00,   54.00)   OUT
  0x00D60428   (   90.00,   -40.00,   54.00)   (     90.00,   41048.00,   54.00)   OUT
  0x00D60429   (   90.00,   -40.00,   54.00)   (     90.00,   41048.00,   54.00)   OUT
  0x00D6042A   (   90.00,   -40.00,   54.00)   (     90.00,   41048.00,   54.00)   OUT
  0x00D6042B   (   90.00,   -90.00,   54.00)   (     90.00,   40998.00,   54.00)   OUT
  0x00D6042C   (   90.00,  -100.00,   54.00)   (     90.00,   40988.00,   54.00)   OUT
  0x00D6042D   (  100.00,     0.00,   54.00)   (    100.00,   41088.00,   54.00)   IN
  0x00D6042E   (  100.00,   -10.00,   54.00)   (    100.00,   41078.00,   54.00)   OUT
  0x00D6042F   (  100.00,   -20.00,   54.00)   (    100.00,   41068.00,   54.00)   OUT
  0x00D60430   (   60.00,   -70.00,   60.00)   (     60.00,   41018.00,   60.00)   OUT
  0x00D60431   (   60.00,   -70.00,   60.00)   (     60.00,   41018.00,   60.00)   OUT
  0x00D60432   (   70.00,   -30.00,   60.00)   (     70.00,   41058.00,   60.00)   OUT
  0x00D60433   (   70.00,   -30.00,   60.00)   (     70.00,   41058.00,   60.00)   OUT
  0x00D60434   (   70.00,   -30.00,   60.00)   (     70.00,   41058.00,   60.00)   OUT
  0x00D60435   (   70.00,   -40.00,   60.00)   (     70.00,   41048.00,   60.00)   OUT
  0x00D60436   (   70.00,   -40.00,   60.00)   (     70.00,   41048.00,   60.00)   OUT
  0x00D60437   (   70.00,   -40.00,   60.00)   (     70.00,   41048.00,   60.00)   OUT
  0x00D60438   (   80.00,     0.00,   60.00)   (     80.00,   41088.00,   60.00)   IN
  0x00D60439   (   80.00,   -10.00,   60.00)   (     80.00,   41078.00,   60.00)   OUT
  0x00D6043A   (   80.00,   -20.00,   60.00)   (     80.00,   41068.00,   60.00)   OUT
  0x00D6043B   (   80.00,   -40.00,   60.00)   (     80.00,   41048.00,   60.00)   OUT
  0x00D6043C   (   90.00,     0.00,   60.00)   (     90.00,   41088.00,   60.00)   IN
  0x00D6043D   (   90.00,   -10.00,   60.00)   (     90.00,   41078.00,   60.00)   OUT
  0x00D6043E   (   90.00,   -20.00,   60.00)   (     90.00,   41068.00,   60.00)   OUT
  0x00D6043F   (  100.00,     0.00,   60.00)   (    100.00,   41088.00,   60.00)   IN
  0x00D60440   (  100.00,   -10.00,   60.00)   (    100.00,   41078.00,   60.00)   OUT
  0x00D60441   (  100.00,   -20.00,   60.00)   (    100.00,   41068.00,   60.00)   OUT
  0x00D60442   (   40.00,   -50.00,   66.00)   (     40.00,   41038.00,   66.00)   OUT
  0x00D60443   (   40.00,   -50.00,   66.00)   (     40.00,   41038.00,   66.00)   OUT
  0x00D60444   (   40.00,   -50.00,   66.00)   (     40.00,   41038.00,   66.00)   OUT
  0x00D60445   (   40.00,   -60.00,   66.00)   (     40.00,   41028.00,   66.00)   OUT
  0x00D60446   (   40.00,   -60.00,   66.00)   (     40.00,   41028.00,   66.00)   OUT
  0x00D60447   (   40.00,   -60.00,   66.00)   (     40.00,   41028.00,   66.00)   OUT
  0x00D60448   (   50.00,   -20.00,   66.00)   (     50.00,   41068.00,   66.00)   OUT
  0x00D60449   (   50.00,   -30.00,   66.00)   (     50.00,   41058.00,   66.00)   OUT
  0x00D6044A   (   50.00,   -40.00,   66.00)   (     50.00,   41048.00,   66.00)   OUT
  0x00D6044B   (   50.00,   -50.00,   66.00)   (     50.00,   41038.00,   66.00)   OUT
  0x00D6044C   (   50.00,   -60.00,   66.00)   (     50.00,   41028.00,   66.00)   OUT
  0x00D6044D   (   60.00,   -20.00,   66.00)   (     60.00,   41068.00,   66.00)   OUT
  0x00D6044E   (   60.00,   -30.00,   66.00)   (     60.00,   41058.00,   66.00)   OUT
  0x00D6044F   (   60.00,   -40.00,   66.00)   (     60.00,   41048.00,   66.00)   OUT
  0x00D60450   (   60.00,   -50.00,   66.00)   (     60.00,   41038.00,   66.00)   OUT
  0x00D60451   (   60.00,   -60.00,   66.00)   (     60.00,   41028.00,   66.00)   OUT
  0x00D60452   (   60.00,   -60.00,   66.00)   (     60.00,   41028.00,   66.00)   OUT
  0x00D60453   (   60.00,   -60.00,   66.00)   (     60.00,   41028.00,   66.00)   OUT
  0x00D60454   (   60.00,   -70.00,   66.00)   (     60.00,   41018.00,   66.00)   OUT
  0x00D60455   (   70.00,   -20.00,   66.00)   (     70.00,   41068.00,   66.00)   OUT
  0x00D60456   (   70.00,   -30.00,   66.00)   (     70.00,   41058.00,   66.00)   OUT
  0x00D60457   (   70.00,   -40.00,   66.00)   (     70.00,   41048.00,   66.00)   OUT
  0x00D60458   (   70.00,   -50.00,   66.00)   (     70.00,   41038.00,   66.00)   OUT
  0x00D60459   (   80.00,     0.00,   66.00)   (     80.00,   41088.00,   66.00)   IN
  0x00D6045A   (   80.00,   -10.00,   66.00)   (     80.00,   41078.00,   66.00)   OUT
  0x00D6045B   (   80.00,   -20.00,   66.00)   (     80.00,   41068.00,   66.00)   OUT
  0x00D6045C   (   80.00,   -30.00,   66.00)   (     80.00,   41058.00,   66.00)   OUT
  0x00D6045D   (   80.00,   -50.00,   66.00)   (     80.00,   41038.00,   66.00)   OUT
  0x00D6045E   (   90.00,     0.00,   66.00)   (     90.00,   41088.00,   66.00)   IN
  0x00D6045F   (   90.00,   -10.00,   66.00)   (     90.00,   41078.00,   66.00)   OUT
  0x00D60460   (   90.00,   -20.00,   66.00)   (     90.00,   41068.00,   66.00)   OUT
  0x00D60461   (   90.00,   -30.00,   66.00)   (     90.00,   41058.00,   66.00)   OUT
  0x00D60462   (   90.00,   -30.00,   66.00)   (     90.00,   41058.00,   66.00)   OUT
  0x00D60463   (   90.00,   -30.00,   66.00)   (     90.00,   41058.00,   66.00)   OUT
  0x00D60464   (   90.00,   -40.00,   66.00)   (     90.00,   41048.00,   66.00)   OUT
  0x00D60465   (   90.00,   -50.00,   66.00)   (     90.00,   41038.00,   66.00)   OUT
  0x00D60466   (   90.00,   -50.00,   66.00)   (     90.00,   41038.00,   66.00)   OUT
  0x00D60467   (   90.00,   -50.00,   66.00)   (     90.00,   41038.00,   66.00)   OUT
  0x00D60468   (  100.00,     0.00,   66.00)   (    100.00,   41088.00,   66.00)   IN
  0x00D60469   (  100.00,   -10.00,   66.00)   (    100.00,   41078.00,   66.00)   OUT
  0x00D6046A   (  100.00,   -20.00,   66.00)   (    100.00,   41068.00,   66.00)   OUT
  0x00D6046B   (   50.00,   -20.00,   72.00)   (     50.00,   41068.00,   72.00)   OUT
  0x00D6046C   (   50.00,   -30.00,   72.00)   (     50.00,   41058.00,   72.00)   OUT
  0x00D6046D   (   50.00,   -40.00,   72.00)   (     50.00,   41048.00,   72.00)   OUT
  0x00D6046E   (   50.00,   -50.00,   72.00)   (     50.00,   41038.00,   72.00)   OUT
  0x00D6046F   (   60.00,   -20.00,   72.00)   (     60.00,   41068.00,   72.00)   OUT
  0x00D60470   (   60.00,   -30.00,   72.00)   (     60.00,   41058.00,   72.00)   OUT
  0x00D60471   (   60.00,   -40.00,   72.00)   (     60.00,   41048.00,   72.00)   OUT
  0x00D60472   (   60.00,   -50.00,   72.00)   (     60.00,   41038.00,   72.00)   OUT
  0x00D60473   (   70.00,   -20.00,   72.00)   (     70.00,   41068.00,   72.00)   OUT
  0x00D60474   (   70.00,   -30.00,   72.00)   (     70.00,   41058.00,   72.00)   OUT
  0x00D60475   (   70.00,   -40.00,   72.00)   (     70.00,   41048.00,   72.00)   OUT
  0x00D60476   (   70.00,   -50.00,   72.00)   (     70.00,   41038.00,   72.00)   OUT
  0x00D60477   (   80.00,     0.00,   72.00)   (     80.00,   41088.00,   72.00)   IN
  0x00D60478   (   80.00,   -10.00,   72.00)   (     80.00,   41078.00,   72.00)   OUT
  0x00D60479   (   80.00,   -20.00,   72.00)   (     80.00,   41068.00,   72.00)   OUT
  0x00D6047A   (   90.00,     0.00,   72.00)   (     90.00,   41088.00,   72.00)   IN
  0x00D6047B   (   90.00,   -10.00,   72.00)   (     90.00,   41078.00,   72.00)   OUT
  0x00D6047C   (   90.00,   -20.00,   72.00)   (     90.00,   41068.00,   72.00)   OUT
  0x00D6047D   (  100.00,     0.00,   72.00)   (    100.00,   41088.00,   72.00)   IN
  0x00D6047E   (  100.00,   -10.00,   72.00)   (    100.00,   41078.00,   72.00)   OUT
  0x00D6047F   (  100.00,   -20.00,   72.00)   (    100.00,   41068.00,   72.00)   OUT
  0x00D60480   (   50.00,   -20.00,   78.00)   (     50.00,   41068.00,   78.00)   OUT
  0x00D60481   (   50.00,   -30.00,   78.00)   (     50.00,   41058.00,   78.00)   OUT
  0x00D60482   (   50.00,   -40.00,   78.00)   (     50.00,   41048.00,   78.00)   OUT
  0x00D60483   (   50.00,   -50.00,   78.00)   (     50.00,   41038.00,   78.00)   OUT
  0x00D60484   (   60.00,   -20.00,   78.00)   (     60.00,   41068.00,   78.00)   OUT
  0x00D60485   (   60.00,   -30.00,   78.00)   (     60.00,   41058.00,   78.00)   OUT
  0x00D60486   (   60.00,   -40.00,   78.00)   (     60.00,   41048.00,   78.00)   OUT
  0x00D60487   (   60.00,   -50.00,   78.00)   (     60.00,   41038.00,   78.00)   OUT
  0x00D60488   (   70.00,   -20.00,   78.00)   (     70.00,   41068.00,   78.00)   OUT
  0x00D60489   (   70.00,   -30.00,   78.00)   (     70.00,   41058.00,   78.00)   OUT
  0x00D6048A   (   70.00,   -40.00,   78.00)   (     70.00,   41048.00,   78.00)   OUT
  0x00D6048B   (   70.00,   -50.00,   78.00)   (     70.00,   41038.00,   78.00)   OUT
  0x00D6048C   (   40.00,   -50.00,   84.00)   (     40.00,   41038.00,   84.00)   OUT
  0x00D6048D   (   50.00,   -20.00,   84.00)   (     50.00,   41068.00,   84.00)   OUT
  0x00D6048E   (   50.00,   -30.00,   84.00)   (     50.00,   41058.00,   84.00)   OUT
  0x00D6048F   (   50.00,   -40.00,   84.00)   (     50.00,   41048.00,   84.00)   OUT
  0x00D60490   (   50.00,   -50.00,   84.00)   (     50.00,   41038.00,   84.00)   OUT
  0x00D60491   (   60.00,   -20.00,   84.00)   (     60.00,   41068.00,   84.00)   OUT
  0x00D60492   (   60.00,   -30.00,   84.00)   (     60.00,   41058.00,   84.00)   OUT
  0x00D60493   (   60.00,   -40.00,   84.00)   (     60.00,   41048.00,   84.00)   OUT
  0x00D60494   (   60.00,   -50.00,   84.00)   (     60.00,   41038.00,   84.00)   OUT
  0x00D60495   (   70.00,   -20.00,   84.00)   (     70.00,   41068.00,   84.00)   OUT
  0x00D60496   (   70.00,   -30.00,   84.00)   (     70.00,   41058.00,   84.00)   OUT
  0x00D60497   (   70.00,   -40.00,   84.00)   (     70.00,   41048.00,   84.00)   OUT
  0x00D60498   (   70.00,   -50.00,   84.00)   (     70.00,   41038.00,   84.00)   OUT
  0x00D60499   (   80.00,   -50.00,   84.00)   (     80.00,   41038.00,   84.00)   OUT
  0x00D6049A   (   50.00,   -20.00,   90.00)   (     50.00,   41068.00,   90.00)   OUT
  0x00D6049B   (   50.00,   -30.00,   90.00)   (     50.00,   41058.00,   90.00)   OUT
  0x00D6049C   (   50.00,   -40.00,   90.00)   (     50.00,   41048.00,   90.00)   OUT
  0x00D6049D   (   50.00,   -50.00,   90.00)   (     50.00,   41038.00,   90.00)   OUT
  0x00D6049E   (   60.00,   -20.00,   90.00)   (     60.00,   41068.00,   90.00)   OUT
  0x00D6049F   (   60.00,   -30.00,   90.00)   (     60.00,   41058.00,   90.00)   OUT
  0x00D604A0   (   60.00,   -40.00,   90.00)   (     60.00,   41048.00,   90.00)   OUT
  0x00D604A1   (   60.00,   -50.00,   90.00)   (     60.00,   41038.00,   90.00)   OUT
  0x00D604A2   (   70.00,   -20.00,   90.00)   (     70.00,   41068.00,   90.00)   OUT
  0x00D604A3   (   70.00,   -30.00,   90.00)   (     70.00,   41058.00,   90.00)   OUT
  0x00D604A4   (   70.00,   -40.00,   90.00)   (     70.00,   41048.00,   90.00)   OUT
  0x00D604A5   (   70.00,   -50.00,   90.00)   (     70.00,   41038.00,   90.00)   OUT
  0x00D604A6   (   50.00,   -20.00,   96.00)   (     50.00,   41068.00,   96.00)   OUT
  0x00D604A7   (   50.00,   -30.00,   96.00)   (     50.00,   41058.00,   96.00)   OUT
  0x00D604A8   (   50.00,   -40.00,   96.00)   (     50.00,   41048.00,   96.00)   OUT
  0x00D604A9   (   50.00,   -50.00,   96.00)   (     50.00,   41038.00,   96.00)   OUT
  0x00D604AA   (   60.00,   -20.00,   96.00)   (     60.00,   41068.00,   96.00)   OUT
  0x00D604AB   (   60.00,   -30.00,   96.00)   (     60.00,   41058.00,   96.00)   OUT
  0x00D604AC   (   60.00,   -40.00,   96.00)   (     60.00,   41048.00,   96.00)   OUT
  0x00D604AD   (   60.00,   -50.00,   96.00)   (     60.00,   41038.00,   96.00)   OUT
  0x00D604AE   (   70.00,   -20.00,   96.00)   (     70.00,   41068.00,   96.00)   OUT
  0x00D604AF   (   70.00,   -30.00,   96.00)   (     70.00,   41058.00,   96.00)   OUT
  0x00D604B0   (   70.00,   -40.00,   96.00)   (     70.00,   41048.00,   96.00)   OUT
  0x00D604B1   (   70.00,   -50.00,   96.00)   (     70.00,   41038.00,   96.00)   OUT

  SUMMARY 0x00D6: cells_with_position=946
  Frame.Origin bbox: X[0.00..120.00] Y[-340.00..0.00] Z[-6.00..96.00]
  Cells with Frame.Origin inside [0,192] on BOTH X and Y: 12
  Cells with Frame.Origin OUTSIDE that footprint: 934


